district_id,state_name,district_name,z_stunting_pct,z_wasting_pct,z_underweight_pct,z_anaemia_children_u5_pct,malnutrition_index_pc1,z_malnutrition_index_pc1
1,Andaman And Nicobar Islands,Nicobars,-1.4071621506562346,-0.4444063295733072,-0.5105858889073398,-2.3430793699725223,-2.142136192358939,-1.3849511876744791
2,Andaman And Nicobar Islands,North And Middle Andaman,-0.7698655540473782,1.2896240966683894,1.36397638433601,-2.9496609128364266,-0.09215865663865236,-0.05958315882130404
3,Andaman And Nicobar Islands,South Andamans,-1.4661710947866844,-0.9201137916396133,-1.2521709640365775,-1.869447206366461,-2.6645931982393667,-1.7227343096738985
4,Andhra Pradesh,Ananthapuramu,0.2922954403007161,0.10802814250369366,1.137380944713188,-0.8390895171181858,0.553292310330594,0.3577190120109382
5,Andhra Pradesh,Chittoor,-0.7580637652212882,-0.5825149475925572,-0.17069272947310624,-0.9138735429507219,-1.1177087898234737,-0.7226301116903237
6,Andhra Pradesh,East Godavari,-1.2301353182648855,-0.6592419576032517,-0.7371813285301626,0.0749374652794776,-1.3352484021271915,-0.8632755783515754
7,Andhra Pradesh,Guntur,-1.147522796482256,-0.12215288752838994,-0.2736906565743892,-0.5482627499916566,-1.0007837478115258,-0.6470347894223166
8,Andhra Pradesh,Krishna,-0.4394154669168599,-0.6592419576032517,-0.8710786337618301,-0.016465232960288272,-1.0699494567356844,-0.6917523620316355
9,Andhra Pradesh,Kurnool,2.0035548200837567,-0.29095230955191814,1.7244691291905003,0.4073109134240825,2.0442748394747037,1.3216810756302946
10,Andhra Pradesh,Prakasam,-1.2891442623953353,-1.5185844697230306,-0.5002860961972116,-0.2740546552723572,-1.7745140377805564,-1.1472731439464967
11,Andhra Pradesh,Sri Potti Sriramulu Nellore,-0.5102261998733997,-0.2142252995412236,-0.1809925221832343,0.1331028187047837,-0.4084331240455359,-0.26406348123438095
12,Andhra Pradesh,Srikakulam,-1.6313961383519437,0.13871894650797137,-0.8401792556314456,-0.5233347413808108,-1.4445614288414759,-0.9339495190264326
13,Andhra Pradesh,Visakhapatnam,-0.29779400100378073,0.4456269865507495,0.4060956622940786,0.5568789650891545,0.540855565869845,0.3496783075621931
14,Andhra Pradesh,Vizianagaram,0.3395025956050757,0.09268274050155453,0.272198357062411,0.06662812907586295,0.4019938769525435,0.25990032721038364
15,Andhra Pradesh,West Godavari,-0.2505868456994212,-1.0582224096588635,-0.7268815358200341,-0.2989826638832029,-1.196200583429229,-0.7733772598710758
16,Andhra Pradesh,Y.S.R.,0.10346681908327693,-0.6899327616075297,-0.2942902419946457,-0.4402413793446596,-0.6387190886852101,-0.4129498225277728
17,Arunachal Pradesh,Anjaw,-1.171126374134436,-0.6592419576032517,-1.3963680619783736,-0.7310681464711889,-2.029675600273,-1.3122422576206527
18,Arunachal Pradesh,Changlang,-0.8524780758300077,-0.35233391756047355,-0.4693867180668267,-0.049702577774749235,-0.8899111676566234,-0.5753525536644809
19,Arunachal Pradesh,Dibang Valley,-1.961846225482462,-0.07611668152197311,-1.3963680619783736,1.886372757667574,-1.087994670500559,-0.7034190993402386
20,Arunachal Pradesh,East Kameng,0.2568900738224466,-0.4290609275711681,-1.581764330760683,-1.1797723014664054,-1.5176906328569126,-0.9812296024852427
21,Arunachal Pradesh,East Siang,-1.0531084858735364,-1.5339298717251695,-1.9834562464556864,-1.1963909738736358,-2.9393266524610993,-1.9003572008213092
22,Arunachal Pradesh,Kra Daadi,-0.5574333551777593,-1.4111666557080582,-1.550864952630298,-0.32391067249404804,-2.0282267749971536,-1.3113055514048324
23,Arunachal Pradesh,Kurung Kumey,-0.5102261998733997,-0.5364787415861406,-1.6126637088910678,-0.29067332767958765,-1.606270066243491,-1.038498692989325
24,Arunachal Pradesh,Lohit,-1.0649102746996266,-0.9047683896374744,-1.7156616359923509,-1.1132976118374847,-2.444022575069847,-1.580129209393916
25,Arunachal Pradesh,Longding,-2.091665902569451,0.30751836853149955,-1.622963501601196,-2.284914016547217,-2.76504796084562,-1.7876811339119423
26,Arunachal Pradesh,Lower Dibang Valley,-2.2686927349608,-1.6873838917465587,-2.0452550027164564,-1.1963909738736358,-3.6406498322707455,-2.3537823258370114
27,Arunachal Pradesh,Lower Subansiri,-0.33319936748205065,-1.0889132136631412,-2.210051686078509,-1.1216069480411,-2.4832086075874225,-1.6054640795431867
28,Arunachal Pradesh,Namsai,-0.5692351440038493,-0.950804595643891,-1.2212715859061924,-0.5565720861952712,-1.7027557515018736,-1.1008793972922717
29,Arunachal Pradesh,Papum Pare,-0.45121725574295,-1.4725482637166138,-1.4375672328188867,-1.0385135860049486,-2.2220384764719006,-1.4366102575668978
30,Arunachal Pradesh,Siang,-1.4425675171345045,-0.9968408016503079,-2.137953137107611,-3.4066744040352583,-3.842799678628605,-2.4844778767549145
31,Arunachal Pradesh,Tawang,-0.36860473396032056,-1.7641109017572532,-2.1173535516873545,1.9694661197037253,-1.5393960802750744,-0.995262783609775
32,Arunachal Pradesh,Tirap,0.5991419497790547,-0.7359689676139463,-1.3963680619783736,-1.4539803961857047,-1.496546716586669,-0.9675594670125226
33,Arunachal Pradesh,Upper Siang,-0.36860473396032056,-0.9354591936417521,-1.8083597703835055,-1.2379376548917114,-2.227476287668879,-1.4401259551693513
34,Arunachal Pradesh,Upper Subansiri,0.38670975090943527,-0.981495399648169,-1.066774695254268,-0.4568600517518901,-1.1202252110085145,-0.7242570486336156
35,Arunachal Pradesh,West Kameng,-1.1003156411778965,0.7064988205871108,-1.6641626724417093,0.058318792872247116,-1.1829006587948745,-0.7647784852067784
36,Arunachal Pradesh,West Siang,-1.0649102746996266,-0.5364787415861406,-1.375768476558117,-1.686641809886928,-2.286845587518788,-1.478509874283284
37,Assam,Baksa,0.9059884592573931,-0.2449161035455013,0.4575946258447201,1.0554391373060619,1.020133344221108,0.65954484673056
38,Assam,Barpeta,-0.4394154669168599,0.13871894650797137,-0.3457892055452872,-0.1992706294398212,-0.43610560974367446,-0.2819545201282891
39,Assam,Biswanath,1.083015291648742,1.3049694986705285,1.178580115553701,1.1551511717494436,2.3357495884927815,1.510127683866335
40,Assam,Bongaigaon,1.49607790056189,0.24613676052294362,0.5914919310763876,0.9391084304554508,1.5792861783184444,1.0210528518877307
41,Assam,Cachar,-0.5692351440038493,1.857403970747529,0.8901859196701088,-0.3405293449012785,1.030506047171393,0.6662510903959417
42,Assam,Charaideo,0.6463491050834143,0.7525350265935277,0.5399929675257462,0.3159082151843166,1.132848126595302,0.7324181179419983
43,Assam,Chirang,1.083015291648742,0.13871894650797137,1.0446828103220334,0.3740735686096227,1.378266491383615,0.8910879807654306
44,Assam,Darrang,1.0004027698661122,1.2896240966683894,0.36489649145356556,0.0749374652794776,1.3617891196184144,0.8804348973259326
45,Assam,Dhemaji,0.4339169062137957,-0.045425877517695404,-0.39728816909592873,0.59842564610723,0.18451487000074168,0.11929404361060812
46,Assam,Dhubri,1.767519043561958,0.4456269865507495,0.8489867488295951,0.59842564610723,1.8287731066911075,1.1823531552911664
47,Assam,Dibrugarh,-0.7344601875691084,0.30751836853149955,0.2515987716421541,0.041700120465017816,-0.03715593474661452,-0.024022354946448117
48,Assam,Dima Hasao,-0.3450011563081403,0.7678804285956667,-0.8092798775010606,0.59842564610723,-0.050548175853107113,-0.032680814801717695
49,Assam,Goalpara,0.6345473162573241,0.875298242610639,0.6017917237865161,-0.4319320431410444,0.9263363456304328,0.5989024538417095
50,Assam,Golaghat,-0.8524780758300077,0.09268274050155453,-0.4178877545161852,0.7646123701795325,-0.31864315874465454,-0.20601174786267343
51,Assam,Hailakandi,1.1066188693009216,0.5530448005657218,1.322777213495497,-0.5316440775844261,1.3990882112096974,0.9045498071915098
52,Assam,Hojai,0.6817544715616837,-0.9047683896374744,-0.11919376592246474,-0.7559961550820347,-0.48139126179679775,-0.3112329655508092
53,Assam,Jorhat,0.6109437386051447,-0.47509713357758493,0.375196284163694,0.6815190081433813,0.5664385435116605,0.3662184208358804
54,Assam,Kamrup,-1.2891442623953353,-0.5825149475925572,-1.0152757317036265,0.5818069737000008,-1.2943612723760884,-0.8368409010834448
55,Assam,Kamrup Metro,-0.9586941752648174,-0.060771279519834534,-0.4693867180668267,1.205007188971135,-0.3004038830632654,-0.1942195440768604
56,Assam,Karbi Anglong,-0.22698326804724098,-0.2142252995412236,-0.13979335134272125,0.1331028187047837,-0.24598924223653407,-0.15903895112078278
57,Assam,Karimganj,-0.5220279886994894,4.51215851711756,2.404255448058968,-0.14941461221813093,3.3381553792043634,2.1582111695615143
58,Assam,Kokrajhar,0.12707039673545714,0.2921729665293604,0.5811921383662599,0.7313750253650727,0.8488195540058764,0.5487856718144556
59,Assam,Lakhimpur,0.5873401609529645,-0.060771279519834534,0.4987937966852331,0.28267087036985566,0.6720848808733461,0.4345217439039631
60,Assam,Majuli,0.2214847073441763,-0.6899327616075297,-0.7577809139504191,0.5901163099036154,-0.453665535231055,-0.29330750494128643
61,Assam,Marigaon,1.1420242357791919,-0.38302472156475126,0.09710188099022966,-1.0468229222085639,0.0104132875980526,0.006732482779555348
62,Assam,Nagaon,0.6345473162573241,0.12337354450583224,0.29279794248266716,0.22450551694454957,0.6353513968925931,0.4107725152377212
63,Assam,Nalbari,-0.7108566099169286,-0.4904425355797238,-0.2942902419946457,0.42392958583131296,-0.5926737326177017,-0.38318020713167356
64,Assam,Sivasagar,-0.8760816534821875,0.3842453785421941,-0.3766885836756722,0.1331028187047837,-0.4153652012310073,-0.26854526374910404
65,Assam,Sonitpur,0.374907962083346,-0.8433867816289188,-0.7886802920808041,0.2909802065734715,-0.5915900017290807,-0.38247954468702183
66,Assam,South Salmara Mancachar,0.6345473162573241,-0.060771279519834534,-0.17069272947310624,0.30759887898070076,0.2966702115580259,0.1918056206279159
67,Assam,Tinsukia,-0.08536180213416222,0.4456269865507495,0.272198357062411,0.041700120465017816,0.35697141985551584,0.23079204471603526
68,Assam,Udalguri,0.03265608612673714,0.4149361825464718,0.3030977351927956,0.9723457752699106,0.7889068297678691,0.5100504135772715
69,Assam,West Karbi Anglong,0.8705830927791228,0.7064988205871108,0.1589006372509996,1.0886764821205228,1.2947366567666103,0.8370835976306308
70,Bihar,Araria,1.9327440871272172,0.8139166346020831,1.878966019842425,0.8227777236048386,2.804621802166544,1.8132667333401
71,Bihar,Arwal,1.42526716760535,2.793473492878002,2.404255448058968,-0.008155896756673624,3.5063518787606913,2.266954928550389
72,Bihar,Aurangabad,0.9059884592573931,2.195002814794585,1.9716641542335802,0.20788684453732026,2.7871067160032665,1.801942738408975
73,Bihar,Banka,1.5550868446923396,1.2742786946662503,1.672970165639859,0.9889644476771411,2.785020107819431,1.8005936876377298
74,Bihar,Begusarai,0.5047276391703346,0.36889997654005496,0.622391309206773,0.7147563529578422,1.0875672932039977,0.7031427879196254
75,Bihar,Bhagalpur,0.7643669933443136,0.39959078054433267,1.116781359292931,1.0637484735096776,1.668795686294446,1.0789232617252158
76,Bihar,Bhojpur,0.8469795151269435,1.9494763827603625,1.4875738968575498,0.14972149111201416,2.321263154730932,1.5007617977405103
77,Bihar,Buxar,0.717159838039954,2.241039020801002,1.6214712020892175,0.19957750833370444,2.501001951800372,1.6169679761153688
78,Bihar,Darbhanga,1.40166358995317,0.10802814250369366,0.9931838467713918,0.24943352555539589,1.4368388784792294,0.9289566734108178
79,Bihar,Gaya,1.6376993664749688,0.875298242610639,1.4360749333069083,0.8975617494373752,2.4510283924584737,1.5846586670201952
80,Bihar,Gopalganj,0.07986324143109756,0.4456269865507495,-0.036795424241438286,-0.8141615085073401,-0.09228416032904409,-0.059664300480590494
81,Bihar,Jamui,1.1184206581270117,0.12337354450583224,0.8180873706992106,1.3296472320253618,1.630497813443329,1.0541626117349125
82,Bihar,Jehanabad,0.9177902480834824,2.762782688873725,2.280657935537429,-0.33222000869766327,3.0409950371365397,1.9660886657988654
83,Bihar,Kaimur (Bhabua),1.2482403352140012,1.3356603026748062,1.8171672635816556,0.4571669306457739,2.5420523172613376,1.6435081898526798
84,Bihar,Katihar,1.2246367575618209,0.7525350265935277,1.9098653979728102,-0.024774569163904105,2.1128033057830193,1.3659866529982294
85,Bihar,Khagaria,0.15067397438763652,1.028752262632028,0.7047896508877991,0.09986547389032273,1.040699512897576,0.6728414521639532
86,Bihar,Kishanganj,0.622745527431234,0.8139166346020831,1.1888799082638293,0.1331028187047837,1.4739726415870162,0.952964693770307
87,Bihar,Lakhisarai,1.083015291648742,1.074788468638445,1.6008716166689614,0.9391084304554508,2.3957354426328594,1.54891022263829
88,Bihar,Madhepura,1.5078796893879793,0.30751836853149955,1.4360749333069083,0.14972149111201416,1.8152645326055177,1.173619482898925
89,Bihar,Madhubani,1.1538260246052812,-0.22957070154336218,0.663590480047286,0.42392958583131296,1.0217587009949072,0.6605956855158331
90,Bihar,Munger,0.23328649617026642,1.2435878906619726,1.0240832249017764,0.6981376805506118,1.617798191756803,1.0459519497795666
91,Bihar,Muzaffarpur,1.0712135028226522,0.20010055451652678,0.5296931748156185,-0.10786793120005532,0.896251636662329,0.5794518448819059
92,Bihar,Nalanda,1.0712135028226522,1.4123873126855009,1.7656683000310143,1.1966978527675192,2.756576984704001,1.7822044100183143
93,Bihar,Nawada,1.8737351429967675,-0.060771279519834534,0.7974877852789536,0.6150443185144605,1.6102954343863156,1.0411012065036935
94,Bihar,Pashchim Champaran,1.1774296022574613,-0.8280413796267799,0.07650229556997314,-0.3571480173085084,0.07428872981869561,0.048029749443676446
95,Bihar,Patna,0.11526860790936704,1.3663511066790839,1.0343830176119049,-0.0413932415711334,1.3316983745109332,0.8609803858325601
96,Bihar,Purbi Champaran,1.838329776518498,-0.275606907549779,0.8592865415397235,-0.40700403453019923,1.11964447840227,0.723881588699925
97,Bihar,Purnia,1.1774296022574613,1.1054792726427227,1.8068674708715273,0.1746494997228593,2.2774457737674396,1.4724326307983528
98,Bihar,Rohtas,0.7643669933443136,2.026203392771057,1.9201651906829387,0.36576423240600686,2.668205695208508,1.725069890383346
99,Bihar,Saharsa,1.6849065217793284,0.2921729665293604,1.3536765916258824,0.28267087036985566,1.8963791000859784,1.2260623280226313
100,Bihar,Samastipur,1.236438546387911,0.4149361825464718,1.36397638433601,0.10817481009393856,1.6751604345239646,1.083038250142462
101,Bihar,Saran,0.728961626866044,1.5658413327068899,1.590571823958833,0.3242175513879313,2.2106128135933396,1.4292232457466056
102,Bihar,Sheikhpura,2.3694102736925453,-0.35233391756047355,0.8283871634093389,1.1800791803602886,1.9533695963211073,1.2629082838159846
103,Bihar,Sheohar,0.10346681908327693,2.5786378648480572,1.3021776280752408,0.59842564610723,2.331123744522715,1.5071369458716204
104,Bihar,Sitamarhi,2.440221006649085,-0.3676793195626127,1.157980530133444,0.34083622379516176,1.84692092128247,1.1940862269145567
105,Bihar,Siwan,0.374907962083346,-0.060771279519834534,0.12800125912061464,-0.16603328462536082,0.1642476990930626,0.10619074862893756
106,Bihar,Supaul,1.0358081363443818,1.1054792726427227,1.590571823958833,-0.19096129323620595,1.9312479524730612,1.2486060200150426
107,Bihar,Vaishali,0.5637365833007844,0.1540643485101105,0.910785505090365,0.9307990942518349,1.2740731750483862,0.8237240765837314
108,Chhattisgarh,Balod,0.009052508474557774,-0.5364787415861406,0.663590480047286,0.19957750833370444,0.22877460528352334,0.14790920503904423
109,Chhattisgarh,Balodabazar-Bhatapara,0.8705830927791228,0.12337354450583224,0.46789441855484853,0.1580308273156288,0.8300735321287432,0.5366658423864689
110,Chhattisgarh,Balrampur Ramanujganj,0.18607934086590683,0.6758080165828331,0.9519846759308781,-1.3127216807242474,0.47498064960819614,0.30708832479641
111,Chhattisgarh,Bastar,1.7203118882575987,0.2768275645272213,1.6111714093790896,1.22993519758198,2.4404834829239515,1.5778410869634976
112,Chhattisgarh,Bemetara,0.5755383721268744,-0.336988515558335,-0.20159210760349083,-0.3405293449012785,-0.14271218199939342,-0.09226743222989159
113,Chhattisgarh,Bijapur,2.3930138513447243,0.2154459565186659,1.7038695437702442,0.9391084304554508,2.6775721391515734,1.731125559350383
114,Chhattisgarh,Bilaspur,-0.9232888087865475,0.8292620366042222,-0.16039293676297778,1.013892456287986,0.2599849054974228,0.1680875403396199
115,Chhattisgarh,Dakshin Bastar Dantewada,1.42526716760535,0.12337354450583224,1.672970165639859,1.9943941283145716,2.56535601243429,1.6585746830206252
116,Chhattisgarh,Dhamtari,-0.35680294513423044,-0.10680748552625137,-0.06769480237182325,0.11648414629755321,-0.21957503078579016,-0.14196142185318392
117,Chhattisgarh,Durg,0.6345473162573241,-0.26026150554764044,-0.19129231489336276,-0.7310681464711889,-0.22624971507225397,-0.14627679263253224
118,Chhattisgarh,Gariyaband,-0.5456315663516697,0.5070085945593049,-0.7680807066605472,0.664900335736152,-0.2225253282490227,-0.14386887199116855
119,Chhattisgarh,Janjgir-Champa,-0.1207671686124317,0.9213344486170558,0.06620250285984469,0.6815190081433813,0.699408817632825,0.452187436123705
120,Chhattisgarh,Jashpur,0.2686918626485359,-0.2449161035455013,0.41639545500420705,-0.9803482325796425,-0.12494910426863703,-0.08078310378816243
121,Chhattisgarh,Kabeerdham,0.5165294279964248,-1.0121862036524467,-0.2324914857338758,0.1331028187047837,-0.3284055939920728,-0.21232343632521614
122,Chhattisgarh,Kondagaon,0.48112406151815523,0.6451172125785554,1.3021776280752408,0.8892524132337594,1.6938901550370207,1.095147540280921
123,Chhattisgarh,Korba,0.13887218556154726,-0.5978603495946962,-0.17069272947310624,-0.19096129323620595,-0.40230327350246664,-0.2601003607660497
124,Chhattisgarh,Korea,-0.1679743239167913,-0.07611668152197311,0.2309991862218976,-0.7975428361001102,-0.29514894497608796,-0.190822079073957
125,Chhattisgarh,Mahasamund,0.38670975090943527,-0.7052781636096686,-0.38698837638580025,0.8227777236048386,-0.062209214537158164,-0.04022000368830761
126,Chhattisgarh,Mungeli,-0.40401010043859004,-0.13749828953052906,0.10740167370035811,-0.32391067249404804,-0.3259915216577952,-0.2107626707873312
127,Chhattisgarh,Narayanpur,1.2010331799096416,0.4456269865507495,1.0240832249017764,1.736804706002502,2.114387921171065,1.3670111513338206
128,Chhattisgarh,Raigarh,0.6581508939095043,-0.5671695455904183,-0.16039293676297778,-0.26574531906874194,-0.15919720653135203,-0.102925463397946
129,Chhattisgarh,Raipur,-0.15617253509070117,0.4763177905550272,0.28249814977253873,0.7230656891614569,0.6152136209178857,0.3977528777129095
130,Chhattisgarh,Rajnandgaon,-0.6990548210908385,0.12337354450583224,0.14860084454087116,1.2133165251747495,0.29477474819153426,0.19058015034737072
131,Chhattisgarh,Sukma,0.9767991922139321,0.39959078054433267,0.8077875779890821,2.1190341713687983,2.0037610586412993,1.2954877789190251
132,Chhattisgarh,Surajpur,-0.6990548210908385,0.10802814250369366,0.28249814977253873,-1.2296283186880963,-0.6041922893099434,-0.3906272774104539
133,Chhattisgarh,Surguja,-0.48662262222121994,-0.16818909353480677,0.10740167370035811,-1.204700310077251,-0.731779472839264,-0.473115973503296
134,Chhattisgarh,Uttar Bastar Kanker,-1.0295049082213568,0.9059890466149167,0.6738902727574145,-0.2989826638832029,0.2313560373693883,0.14957817335486487
135,Delhi,Central,-0.00274928035153233,-0.782005173620363,-0.4178877545161852,0.36576423240600686,-0.489076624227308,-0.31620176812452555
136,Delhi,East,0.19788112969199692,-0.4444063295733072,0.03530312472945973,0.00015343944694220737,-0.0976509024235012,-0.06313404991303721
137,Delhi,New Delhi,-0.7226583987430186,-1.8101471077636697,-0.9122778046023436,0.5818069737000008,-1.5513154634098327,-1.002968999436628
138,Delhi,North,-1.005901330569177,-1.4878936657187527,-1.2521709640365775,0.1331028187047837,-1.9186108681142204,-1.240435790197747
139,Delhi,North East,0.6109437386051447,-1.5032390677208916,-0.7989800847909322,-0.2823639914759724,-1.0313273452281666,-0.6667820826471443
140,Delhi,North West,-0.7816673428734683,-1.1809856256759745,-0.6959821576896492,0.6399723271253057,-1.1202312825031298,-0.7242609740253383
141,Delhi,Shahdara,-0.07356001330807212,0.39959078054433267,0.06620250285984469,0.4571669306457739,0.3803005640560621,0.24587499139478775
142,Delhi,South,-0.014551069177622434,-1.4111666557080582,-1.097674073384653,-0.0413932415711334,-1.3761397055299271,-0.8897129540026595
143,Delhi,South East,-1.395360361830145,-0.5978603495946962,-0.9431771827327285,0.5651883012927703,-1.3159438629315778,-0.8507946517971195
144,Delhi,South West,-0.7580637652212882,-1.2270218316823913,-1.313969720297347,0.3491455599987764,-1.62376269750533,-1.0498081701962607
145,Delhi,West,0.3040972291268062,-1.5646206757294472,-1.0873742806745246,0.2161961807409349,-1.1870578562571348,-0.7674662300771988
146,Goa,North Goa,-1.1003156411778965,-0.13749828953052906,-0.38698837638580025,-0.8889455343398761,-1.1901282871035062,-0.7694513498200625
147,Goa,South Goa,-0.6164422993082089,0.4302815845486104,-0.8813784264719586,-1.3210310169278627,-1.1542167178440472,-0.7462335120959481
148,Gujarat,Ahmadabad,0.23328649617026642,-0.16818909353480677,0.4575946258447201,0.5070229478674642,0.5126742525216473,0.33145829730746085
149,Gujarat,Amreli,0.2096829185180862,0.7832258305978054,0.10740167370035811,0.5070229478674642,0.748356251441157,0.48383332625350883
150,Gujarat,Anand,0.5755383721268744,1.5351505287026121,1.7553685073208858,1.0388204648988324,2.5065306424857017,1.6205424298584337
151,Gujarat,Arvalli,1.6022939999966992,1.5965321367111676,1.8171672635816556,1.9611567835001107,3.439152057177801,2.2235083572984236
152,Gujarat,Banas Kantha,0.6463491050834143,1.0594430666363057,1.4978736895676783,1.0886764821205228,2.1733785202161586,1.4051502297456202
153,Gujarat,Bharuch,0.8705830927791228,0.9059890466149167,1.6420707875094744,1.254863206192825,2.361921195417255,1.527048362496709
154,Gujarat,Bhavnagar,-0.10896537978634159,1.6886045487240011,1.0240832249017764,0.4654762668493886,1.5746544859083182,1.018058332712326
155,Gujarat,Botad,-0.15617253509070117,1.1361700766470004,0.28249814977253873,0.7978497149939935,0.9644965315614403,0.6235740853726762
156,Gujarat,Chhotaudepur,1.7793208323880483,1.504459724698334,1.9098653979728102,1.8115887318350385,3.477339813948764,2.248197814151458
157,Gujarat,Dang,0.48112406151815523,3.4226349749656975,2.424855033479225,1.3711939130434374,3.9152892016243834,2.531344388475817
158,Gujarat,Devbhumi Dwarka,-0.39220831161250036,1.1515154786491395,0.6841900654675429,0.06662812907586295,0.8111379077559192,0.5244234296220306
159,Gujarat,Dohad,2.5700406837360736,1.4123873126855009,2.4145552407690967,1.770042050816963,4.107310040218769,2.6554912515082223
160,Gujarat,Gandhinagar,0.5401330056486049,1.8420585687453903,1.5493726531183198,1.2714818786000557,2.605040399023143,1.6842317530679978
161,Gujarat,Gir Somnath,1.2836457016922707,-0.014735073513417702,0.07650229556997314,0.24943352555539589,0.7612171752172294,0.4921482745382152
162,Gujarat,Jamnagar,-0.6046405104821193,0.7985712325999444,-0.06769480237182325,0.7563030339759178,0.353521842755121,0.2285617962756196
163,Gujarat,Junagadh,0.4457186950398849,-0.19887989753908447,-0.3251896201250307,0.7313750253650727,0.21286206790705003,0.13762130288927815
164,Gujarat,Kachchh,0.46932227269206517,0.24613676052294362,0.39579586958395013,0.22450551694454957,0.6774921835600174,0.438017716897993
165,Gujarat,Kheda,0.4457186950398849,1.8880947747518066,1.0240832249017764,1.5955459905410447,2.3903471166370567,1.545426518607667
166,Gujarat,Mahesana,-0.29779400100378073,1.4737689206940563,1.219779286394214,1.6703300163735813,1.9783868300823644,1.2790826277879377
167,Gujarat,Mahisagar,1.1656278134313713,1.1668608806512781,2.002563532363965,1.6620206801699666,3.0132899929551327,1.9481765769314623
168,Gujarat,Morbi,-0.07356001330807212,1.013406860629889,0.28249814977253873,0.781231042586763,0.938488164726395,0.6067589460429944
169,Gujarat,Narmada,1.6140957888227894,0.6758080165828331,2.3939556553488397,2.2686022230338705,3.4732547136749794,2.2455566821374764
170,Gujarat,Navsari,0.38670975090943527,1.5965321367111676,1.4463747260170368,0.781231042586763,2.1536734596284024,1.3924103548667228
171,Gujarat,Panch Mahals,1.6022939999966992,2.624674070854475,2.301257520957685,2.0857968265543376,4.281799945085,2.768303873713898
172,Gujarat,Patan,2.0035548200837567,0.35355457453791583,1.3124774207853684,0.8560150684192995,2.2838646073861106,1.476582586938104
173,Gujarat,Porbandar,-1.8084229707432928,0.49166319255716634,-0.4178877545161852,0.9972737838807568,-0.49623950211236434,-0.32083276977113506
174,Gujarat,Rajkot,0.6345473162573241,-0.15284369153266764,0.766588407148569,0.9224897580482203,1.0685658552946466,0.6908578248561429
175,Gujarat,Sabar Kantha,0.41031332856161545,2.225693618798863,1.178580115553701,1.26317254239644,2.4984441868895493,1.615314309292656
176,Gujarat,Surat,0.3040972291268062,1.1361700766470004,0.3030977351927956,1.4709059474868178,1.4683275800907536,0.9493150030309264
177,Gujarat,Surendranagar,0.6699526827355944,1.3049694986705285,1.2609784572347271,1.254863206192825,2.225454197296855,1.4388186169747446
178,Gujarat,Tapi,0.9649974033878428,2.762782688873725,2.2909577282475566,1.22993519758198,3.692470280595632,2.3872857005100956
179,Gujarat,Vadodara,1.0358081363443818,0.23079135852080504,1.0652823957422894,1.7035673611880422,1.9421443451885123,1.2556508438159109
180,Gujarat,Valsad,0.5047276391703346,0.7064988205871108,0.5399929675257462,1.8032793956314228,1.6344134989897547,1.0566942123714296
181,Haryana,Ambala,-1.1121174300039862,-1.1809856256759745,-1.6332632943113243,-0.1411052760145151,-2.163118991712742,-1.3985171565374503
182,Haryana,Bhiwani,-0.5338297775255795,-1.9329103237807812,-0.9225775973124717,0.274361534166241,-1.6479637781172396,-1.0654548482441026
183,Haryana,Charki Dadri,-1.1357210076561663,-1.2270218316823913,-1.303669927587219,0.10817481009393856,-1.8965723621357826,-1.2261872773635571
184,Haryana,Faridabad,-0.5456315663516697,-1.626002283738003,-1.035875317123883,0.20788684453732026,-1.6006514019324132,-1.034866068771253
185,Haryana,Fatehabad,-1.0531084858735364,-0.3983701235668904,-0.3045900347047738,-0.5482627499916566,-1.107591922334826,-0.7160892728333328
186,Haryana,Gurugram,-1.348153206525785,-0.4444063295733072,-0.7577809139504191,0.14972149111201416,-1.271215006733954,-0.8218761905269221
187,Haryana,Hisar,-0.6754512434386587,-0.336988515558335,-0.8401792556314456,0.38238290481323733,-0.8506250361947064,-0.5499529667374697
188,Haryana,Jhajjar,-2.115269480221631,-1.626002283738003,-2.0452550027164564,0.9141804218446057,-2.6957694731475303,-1.742890646659074
189,Haryana,Jind,-0.9468923864387273,-1.5032390677208916,-0.6856823649795211,0.24943352555539589,-1.5056629478804628,-0.9734533664772208
190,Haryana,Kaithal,-0.4276136780907702,0.32286377053363813,0.03530312472945973,-0.3737666897157389,-0.1783582532381,-0.11531361802987623
191,Haryana,Karnal,-0.5102261998733997,-1.3497850476995026,-0.9328773900226002,1.0305111286952167,-1.0592359425786455,-0.6848257743529973
192,Haryana,Kurukshetra,-1.017703119395267,-0.8894229876353353,-0.7268815358200341,0.6482816633289215,-1.1090268396074505,-0.7170169871346105
193,Haryana,Mahendragarh,-0.9822977529169972,-1.5646206757294472,-1.4581668182391432,0.5319509564783094,-1.911040346735376,-1.2355412355880329
194,Haryana,Nuh,1.2836457016922707,-0.6745873596053908,0.7974877852789536,0.87263374082653,1.129621236112468,0.7303318426516419
195,Haryana,Palwal,-0.29779400100378073,-1.3344396456973637,-0.8813784264719586,0.4737856030530032,-1.1391919019032029,-0.7365195467766151
196,Haryana,Panchkula,-1.383558573004055,-1.0121862036524467,-1.0564749025441396,-1.0634415946157938,-2.2287074883231353,-1.44092196095762
197,Haryana,Panipat,-0.9940995417430869,-1.3344396456973637,-1.097674073384653,0.6233536547180764,-1.5490826337124461,-1.001525412351782
198,Haryana,Rewari,-0.8996852311343677,-1.426512057710197,-0.9328773900226002,0.4488575944421581,-1.5169140861878947,-0.9807275432625951
199,Haryana,Rohtak,-0.5456315663516697,-0.9354591936417521,-0.7680807066605472,0.8560150684192995,-0.8448153885786404,-0.54619686645097
200,Haryana,Sirsa,-1.005901330569177,-0.9201137916396133,-0.6341834014288796,0.3491455599987764,-1.1808060396254012,-0.7634242551084142
201,Haryana,Sonipat,-1.171126374134436,-1.4418574597123361,-1.7362612214126074,0.23281485314816538,-2.2318866395257917,-1.4429773714630871
202,Haryana,Yamunanagar,-0.6872530322647488,-0.9968408016503079,-0.6650827795592642,0.5818069737000008,-0.9896264247128997,-0.6398212668032465
203,Himachal Pradesh,Bilaspur,0.7761687821704036,-1.0121862036524467,0.9519846759308781,-1.7531164995158492,-0.23167391795136105,-0.1497836920754356
204,Himachal Pradesh,Chamba,1.0712135028226522,-0.4904425355797238,-0.3663887909655437,-1.611857784054392,-0.5836397101159628,-0.3773394579590062
205,Himachal Pradesh,Hamirpur,-0.7344601875691084,-0.5671695455904183,-0.6135838160086228,-1.1548442928555602,-1.4648907770377666,-0.9470930133707843
206,Himachal Pradesh,Kangra,-0.6518476657864789,0.12337354450583224,0.2515987716421541,-0.8806361981362615,-0.4536905466170894,-0.2933236755045388
207,Himachal Pradesh,Kinnaur,-0.15617253509070117,-1.119604017667419,-1.097674073384653,0.8061590511976081,-0.9659948959451633,-0.6245428200125224
208,Himachal Pradesh,Kullu,0.280493651474626,-0.38302472156475126,-0.4075879618060568,0.781231042586763,0.013214116788638,0.00854329748303272
209,Himachal Pradesh,Lahul And Spiti,-0.5928387216560291,-0.35233391756047355,-1.1491730369352946,2.0857968265543376,-0.3278373882122466,-0.21195607533648872
210,Himachal Pradesh,Mandi,-0.26238863452551087,0.20010055451652678,-0.8504790483415736,-1.1382256204483299,-1.002350155726108,-0.6480475161151487
211,Himachal Pradesh,Shimla,-0.7580637652212882,-0.47509713357758493,-1.5096657817897847,-0.5648814223988865,-1.7431365231358116,-1.126986699821925
212,Himachal Pradesh,Sirmaur,-0.5810369328299391,-0.014735073513417702,-0.5517850597478532,-0.6147374396205774,-0.8701841911458741,-0.5625985095260908
213,Himachal Pradesh,Solan,-0.1443707462646119,0.35355457453791583,-0.2942902419946457,-1.2877936721134022,-0.5912683201805191,-0.38227156853484134
214,Himachal Pradesh,Una,-1.041306697047447,-0.8433867816289188,-0.38698837638580025,-0.5981187672133468,-1.3874460792911636,-0.8970228420596239
215,Jammu And Kashmir,Anantnag,-0.6282440881342991,0.9673706546234722,-0.12949355863259282,1.1052951545277532,0.5251519951821966,0.33952550824337907
216,Jammu And Kashmir,Bandipora,-0.9822977529169972,-0.7052781636096686,-1.313969720297347,0.7646123701795325,-1.3143472387568735,-0.8497623894438134
217,Jammu And Kashmir,Baramulla,-1.218333529438796,-0.060771279519834534,-1.2624707567467055,0.3740735686096227,-1.2408950885820038,-0.8022735122263912
218,Jammu And Kashmir,Budgam,-0.793469131699558,0.04664653449513771,-0.9225775973124717,1.58723665433743,-0.2923641135434176,-0.18902160737010013
219,Jammu And Kashmir,Doda,-0.09716359096025148,-1.3958212537059194,-1.4787664036594,1.22993519758198,-1.134687565843036,-0.7336073670569198
220,Jammu And Kashmir,Ganderbal,-1.773017604265023,1.1208246746448611,-0.9740765608631131,1.9860847921109557,-0.11968184613252353,-0.07737767352774316
221,Jammu And Kashmir,Jammu,-0.7698655540473782,-0.09146208352411224,-1.2315713786163207,0.20788684453732026,-1.0856902823450678,-0.701929247703263
222,Jammu And Kashmir,Kathua,-1.383558573004055,0.5990810065721386,-0.3766885836756722,0.09155613768670808,-0.5739305074697441,-0.3710621858676154
223,Jammu And Kashmir,Kishtwar,-0.7108566099169286,0.6451172125785554,-1.2212715859061924,1.8780634214639593,-0.02881960749338708,-0.01863268533935998
224,Jammu And Kashmir,Kulgam,-0.6046405104821193,-1.119604017667419,-1.4684666109492714,0.9806551114735264,-1.340005923356534,-0.8663514493911794
225,Jammu And Kashmir,Kupwara,-1.017703119395267,0.9980614586277504,-0.4178877545161852,1.0720578097132922,0.16210003006582518,0.10480222030818279
226,Jammu And Kashmir,Poonch,-0.8996852311343677,-0.4597517315754461,-1.107973866094781,-0.9637295601724127,-1.718315270573128,-1.1109390631969158
227,Jammu And Kashmir,Pulwama,-1.3127478400475154,-0.5057879375818626,-0.9637767681529851,0.12479348250116903,-1.4193102345236248,-0.9176239129863256
228,Jammu And Kashmir,Rajouri,-0.38040652278641024,0.5990810065721386,0.29279794248266716,0.87263374082653,0.6318038912377434,0.40847895323755923
229,Jammu And Kashmir,Ramban,-0.9232888087865475,-0.4597517315754461,-0.8607788410517021,-0.32391067249404804,-1.3241455397327668,-0.8560972661067262
230,Jammu And Kashmir,Reasi,-1.8674319148737424,-0.8587321836310576,-1.8392591485138905,0.3159082151843166,-2.3168317234985656,-1.4978967530387515
231,Jammu And Kashmir,Samba,-1.0649102746996266,0.2768275645272213,-1.447867025529015,0.2577428617590105,-1.1624425360166337,-0.7515517344799192
232,Jammu And Kashmir,Shopian,-1.359954995351875,2.1796574127924457,0.4060956622940786,-0.7310681464711889,0.3524196804236574,0.2278492173857173
233,Jammu And Kashmir,Srinagar,-0.06175822448198202,0.0006103284887214239,-1.4169676473986301,0.9224897580482203,-0.5261814823603981,-0.34019110060638175
234,Jammu And Kashmir,Udhampur,0.4457186950398849,0.1847551525143882,0.24129897893202568,0.3740735686096227,0.6017037956448583,0.38901839639286334
235,Jharkhand,Bokaro,0.3158990179528963,0.16940975051224907,0.28249814977253873,0.05000945666863247,0.427360767046955,0.2763007338181333
236,Jharkhand,Chatra,1.0240063475182926,-0.2142252995412236,1.054982603032161,-0.2740546552723572,0.9268558891243815,0.5992383532964498
237,Jharkhand,Deoghar,0.9649974033878428,-0.13749828953052906,0.7562886144384405,0.664900335736152,1.1273097110243462,0.7288373767873552
238,Jharkhand,Dhanbad,-0.7698655540473782,-0.7052781636096686,-0.45908692535669826,0.05000945666863247,-0.9747475247425038,-0.6302016402553202
239,Jharkhand,Dumka,0.5519347944746951,1.4123873126855009,1.5802720312487044,0.7646123701795325,2.219643587808183,1.435061894810601
240,Jharkhand,East Singhbum,0.280493651474626,1.657913744719723,1.2403788718144708,0.12479348250116903,1.7447863485131365,1.1280533582463201
241,Jharkhand,Garhwa,1.6731047329532391,0.04664653449513771,1.137380944713188,-0.2823639914759724,1.414796353046593,0.9147055618866446
242,Jharkhand,Giridih,-0.19157790156897148,1.4123873126855009,0.4884940039751047,-0.2574359828651273,0.786293074886307,0.5083605476665877
243,Jharkhand,Godda,0.6935562603877737,0.9059890466149167,1.1476807374233162,0.7646123701795325,1.7793325879619935,1.1503884719169846
244,Jharkhand,Gumla,0.7879705709964938,0.23079135852080504,0.9416848832207504,-0.008155896756673624,1.0647313277320993,0.6883786951346696
245,Jharkhand,Hazaribagh,0.5047276391703346,-0.3676793195626127,0.3030977351927956,-0.3156013362904328,0.12577190691135903,0.08131506879642111
246,Jharkhand,Jamtara,0.9886009810400223,0.6758080165828331,1.7141693364803727,0.5734976374963849,2.0802194510537726,1.344920276141682
247,Jharkhand,Khunti,0.5873401609529645,2.072239598777474,1.4875738968575498,0.08324680148309344,2.2283438530545223,1.4406868605475984
248,Jharkhand,Koderma,0.12707039673545714,-0.09146208352411224,0.22069939351176915,-0.4900973965663505,-0.043340358389060224,-0.028020758455636445
249,Jharkhand,Latehar,0.7761687821704036,0.09268274050155453,1.0137834321916481,0.19957750833370444,1.1188563993844263,0.723372073489997
250,Jharkhand,Lohardaga,0.8469795151269435,1.228242488659834,1.42577514059678,0.23281485314816538,1.9674699402522258,1.2720245520269786
251,Jharkhand,Pakur,2.097969130692476,0.7678804285956667,2.2497585574070436,0.5153322840710789,2.9660584496253604,1.917640058168744
252,Jharkhand,Palamu,1.2010331799096416,-0.030080475515556825,0.7974877852789536,0.1912681721300898,1.1301984476631513,0.7307050261240605
253,Jharkhand,Ramgarh,0.2096829185180862,0.7525350265935277,0.5914919310763876,-0.5150254051771956,0.6215312208043503,0.401837383402707
254,Jharkhand,Ranchi,-0.6164422993082089,2.1643120107903075,1.137380944713188,-0.2574359828651273,1.340053126301226,0.86638196742012
255,Jharkhand,Sahebganj,1.838329776518498,0.16940975051224907,1.569972238538576,0.5568789650891545,2.1524467487038885,1.3916172518147791
256,Jharkhand,Saraikela Kharsawan,0.7643669933443136,2.195002814794585,1.9716641542335802,0.8477057322156837,2.973327134620394,1.9223394670824312
257,Jharkhand,Simdega,1.0240063475182926,0.3842453785421941,0.766588407148569,0.7895403787903789,1.4644724011324968,0.9468225216023503
258,Jharkhand,West Singhbhum,3.1955354915188408,1.8267131667432512,3.3827357555211566,0.6150443185144605,4.741429465400684,3.0654672624480512
259,Karnataka,Bagalkote,1.743915465909778,-0.26026150554764044,1.3124774207853684,-0.17434262082897606,1.450326408627377,0.9376767403067056
260,Karnataka,Ballari,0.3040972291268062,0.660462614580694,0.7150894435979275,0.1331028187047837,0.9562824141897849,0.6182634278850007
261,Karnataka,Belagavi,-0.08536180213416222,0.7678804285956667,0.7562886144384405,0.5651883012927703,1.016724704964918,0.6573410657557306
262,Karnataka,Bengaluru Rural,0.36310617325725586,-0.3676793195626127,-0.5929842305883662,-0.42362270693742976,-0.5323239266859113,-0.34416236330862665
263,Karnataka,Bengaluru Urban,-0.26238863452551087,0.09268274050155453,-0.15009314405284935,-0.581500094806117,-0.40550693991338294,-0.262171621041908
264,Karnataka,Bidar,0.38670975090943527,0.5376993985635832,0.6738902727574145,0.28267087036985566,0.9713550259135391,0.6280082945198256
265,Karnataka,Chamarajanagara,-0.15617253509070117,-0.09146208352411224,-0.08829438779207978,0.23281485314816538,-0.0810942301226987,-0.05242969645095287
266,Karnataka,Chikkaballapura,-0.26238863452551087,-0.38302472156475126,-0.4487871326465702,-0.5731907586025017,-0.8146622524634397,-0.5267020174195131
267,Karnataka,Chikkamagaluru,-0.7344601875691084,0.9673706546234722,-0.4281875472263137,-1.0551322584121785,-0.5691164386332743,-0.3679497552124602
268,Karnataka,Chitradurga,0.2922954403007161,-0.10680748552625137,0.29279794248266716,-0.398694698326584,0.10970913150248951,0.07093003354085942
269,Karnataka,Dakshina Kannada,-0.9940995417430869,1.8267131667432512,-0.3251896201250307,-1.2296283186880963,-0.28562095692644257,-0.18466196730675266
270,Karnataka,Davangere,0.5755383721268744,0.03130113249299913,0.3339971133231802,0.35745489620239224,0.640246783864671,0.41393752035050974
271,Karnataka,Dharwad,1.3780600123009907,-0.32164311355619585,1.116781359292931,0.10817481009393856,1.2364477713551825,0.7993981967832267
272,Karnataka,Gadag,1.3780600123009907,-0.060771279519834534,1.054982603032161,0.36576423240600686,1.4276900121080298,0.9230416744523646
273,Karnataka,Hassan,-0.7580637652212882,-0.5211333395840018,-0.5929842305883662,-0.19096129323620595,-1.0575060395929234,-0.6837073435066378
274,Karnataka,Haveri,-0.4276136780907702,-0.13749828953052906,0.5605925529460031,0.08324680148309344,0.10110394987907746,0.06536654203550597
275,Karnataka,Kalaburagi,0.11526860790936704,0.9827160566256112,0.6841900654675429,0.7646123701795325,1.2534949916309652,0.8104197032830047
276,Karnataka,Kodagu,-0.36860473396032056,0.4763177905550272,-0.7165817431099057,-0.9554202239687974,-0.7656355402184838,-0.49500487155473266
277,Karnataka,Kolar,-0.28599221217769066,-0.47509713357758493,-1.4272674401087584,-0.6645934568422681,-1.503744500639705,-0.9722130364767027
278,Karnataka,Koppal,1.838329776518498,0.6911534185849723,1.672970165639859,0.39900157722046786,2.4049801310698666,1.5548871732524405
279,Karnataka,Mandya,-1.0885138523518065,-1.0428770076567244,-1.3242695130074755,-0.6396654482314225,-2.0949992158195534,-1.3544758089966573
280,Karnataka,Mysuru,-0.7108566099169286,-0.4597517315754461,-0.13979335134272125,-0.7227588102675737,-0.9404066329612404,-0.6079992896167796
281,Karnataka,Raichur,0.7407634156921333,0.7064988205871108,1.1476807374233162,0.6399723271253057,1.6559768789732305,1.070635542910971
282,Karnataka,Ramanagara,-2.115269480221631,0.2154459565186659,-1.004975938993498,-0.47347872415912,-1.7226298500577268,-1.1137285599631932
283,Karnataka,Shivamogga,-0.5338297775255795,0.7064988205871108,0.4987937966852331,0.24943352555539589,0.4867802486550757,0.31471709684757576
284,Karnataka,Tumakuru,0.7997723598225831,-1.1809856256759745,-0.2942902419946457,0.14141215490839834,-0.3071869070259421,-0.19860495949845813
285,Karnataka,Udupi,-1.2301353182648855,-0.15284369153266764,-0.8813784264719586,-0.6313561120278078,-1.4593466550369703,-0.9435085828490444
286,Karnataka,Uttara Kannada,-0.4630190445690397,0.5070085945593049,0.3854960768738217,0.2577428617590105,0.3587449631140224,0.23193869022392702
287,Karnataka,Vijayapura,1.4606725340836197,-0.5518241435882795,0.972584261351135,-0.05801191397836388,1.0109195755410092,0.6535878866073064
288,Karnataka,Yadgir,2.8414818267361426,-0.13749828953052906,1.6111714093790896,0.8393963960120691,2.62786142898218,1.698986189624582
289,Kerala,Alappuzha,-1.5841889830475837,-0.6438965556011128,-0.9431771827327285,-2.957970249040042,-2.8332845304568566,-1.8317979918703737
290,Kerala,Ernakulam,-1.359954995351875,-0.22957070154336218,-1.0461751098340115,-2.4511007406195193,-2.3848462904162613,-1.5418700800232032
291,Kerala,Idukki,-1.0885138523518065,-0.628551153598974,-0.6135838160086228,-2.8167115335785846,-2.328292844899245,-1.5053066897890721
292,Kerala,Kannur,-1.6668015048302136,-0.7052781636096686,-1.200672000485936,-2.3846260509905983,-2.8316690548335752,-1.8307535415263183
293,Kerala,Kasaragod,-0.9704959640909071,-0.9201137916396133,-0.8401792556314456,-2.6255968008954373,-2.4742835493184625,-1.5996937788061227
294,Kerala,Kollam,-2.127071269047721,0.4302815845486104,-1.2933701348770905,-2.775164852560509,-2.7170958169947808,-1.7566787266818844
295,Kerala,Kottayam,-1.1947299517866161,-1.5646206757294472,-1.2624707567467055,-2.417863395805059,-3.069804823570718,-1.9847150015477257
296,Kerala,Kozhikode,-1.4425675171345045,-0.6899327616075297,-1.097674073384653,-2.8084021973749693,-2.821538436065352,-1.8242038120810222
297,Kerala,Malappuram,-0.48662262222121994,-0.060771279519834534,-0.8401792556314456,-1.5536924306290858,-1.3966008475991694,-0.902941656785916
298,Kerala,Palakkad,-0.45121725574295,0.4763177905550272,-0.19129231489336276,-1.1631536290591755,-0.5681362715127917,-0.3673160496514067
299,Kerala,Pathanamthitta,-1.2773424735692456,-1.10425861566528,-1.8907581120645318,-1.8029725167375394,-3.0251151357531083,-1.9558218637348386
300,Kerala,Thiruvananthapuram,-1.6549997160041234,-0.1835344955369459,-1.4787664036594,-2.7336181715424335,-2.881925593662096,-1.8632458048040894
301,Kerala,Thrissur,-1.359954995351875,-1.3804758517037805,-1.2624707567467055,-1.429052387574859,-2.6668412529655927,-1.7241877401673236
302,Kerala,Wayanad,-0.26238863452551087,-0.38302472156475126,-0.7268815358200341,-2.201820654511066,-1.633024531710403,-1.055796206030824
303,Ladakh,Kargil,0.3513043844311658,-0.13749828953052906,-0.7989800847909322,1.8282074042422691,0.3448450262099826,0.22295199078225839
304,Ladakh,Leh Ladakh,-1.0885138523518065,-0.2142252995412236,-1.0873742806745246,2.4597169557170178,-0.3146407850809223,-0.20342410092459573
305,Madhya Pradesh,Agar-Malwa,0.7997723598225831,0.015955730490860003,0.6326911019169015,0.4737856030530032,0.9700063109013516,0.6271363124000023
306,Madhya Pradesh,Alirajpur,0.12707039673545714,-0.4904425355797238,0.21039960080164108,0.87263374082653,0.30006241231221553,0.19399877364970006
307,Madhya Pradesh,Anuppur,-1.1239192188300764,-0.030080475515556825,0.11770146641048618,-1.3875057065567835,-1.0404261870575293,-0.672664739334888
308,Madhya Pradesh,Ashoknagar,-0.10896537978634159,0.16940975051224907,0.1589006372509996,-0.5150254051771956,-0.07907806119042732,-0.05112618663338766
309,Madhya Pradesh,Balaghat,0.9886009810400223,0.2921729665293604,1.5802720312487044,-0.7559961550820347,1.2831984822601517,0.8296238438841996
310,Madhya Pradesh,Barwani,1.4488707452575296,0.04664653449513771,1.178580115553701,1.022201792491602,1.8508983390774425,1.1966577391828586
311,Madhya Pradesh,Betul,-0.3213975786559605,0.4763177905550272,0.1898000153813842,-0.6729027930458834,-0.07752008026282053,-0.0501189082242184
312,Madhya Pradesh,Bhind,-0.15617253509070117,-0.950804595643891,-0.05739500966169481,0.8061590511976081,-0.24993461787509463,-0.1615897472353983
313,Madhya Pradesh,Bhopal,-1.6077925606997638,0.30751836853149955,-0.04709521695156636,0.2161961807409349,-0.5731863655086556,-0.3705810771983889
314,Madhya Pradesh,Burhanpur,0.6109437386051447,1.4277327146876393,1.8171672635816556,0.9972737838807568,2.4928178477127343,1.6116767230584175
315,Madhya Pradesh,Chhatarpur,1.3662582234749006,-0.16818909353480677,0.51939338210549,1.770042050816963,1.6027872902662033,1.0362469805429575
316,Madhya Pradesh,Chhindwara,-1.1357210076561663,-0.07611668152197311,0.3339971133231802,-1.2794843359097872,-0.8935157538251937,-0.5776830198192677
317,Madhya Pradesh,Damoh,0.7997723598225831,-0.3676793195626127,0.28249814977253873,0.8643244046229143,0.7262955436529764,0.46957045932601665
318,Madhya Pradesh,Datia,0.38670975090943527,-0.336988515558335,-0.016195838821181762,0.5734976374963849,0.24290501421268157,0.1570449111153293
319,Madhya Pradesh,Dewas,0.38670975090943527,0.2768275645272213,0.11770146641048618,1.1219138269349838,0.8402226520648273,0.5432275333561974
320,Madhya Pradesh,Dhar,-0.5574333551777593,1.673259146721862,0.6532906873371576,-0.07463058638559436,0.9085407206052112,0.587397082660361
321,Madhya Pradesh,Dindori,0.6345473162573241,-0.4290609275711681,0.41639545500420705,1.013892456287986,0.7577000287475458,0.48987434060358087
322,Madhya Pradesh,Guna,-0.19157790156897148,-1.303748841693086,-0.45908692535669826,0.7646123701795325,-0.6994806986237223,-0.45223390920233997
323,Madhya Pradesh,Gwalior,0.7761687821704036,-0.950804595643891,0.3545966987434371,1.0388204648988324,0.545987211882461,0.3529960607775343
324,Madhya Pradesh,Harda,0.622745527431234,1.4430781166897786,0.5296931748156185,1.6370926715591203,1.9757892778847181,1.277403237367287
325,Madhya Pradesh,Indore,-0.5692351440038493,0.39959078054433267,-0.4796865107769552,1.0720578097132922,0.05207198508706623,0.033666000251591874
326,Madhya Pradesh,Jabalpur,-1.8320265483954725,1.1975516846555558,0.17950022267125612,-2.334770033768908,-1.1290018849397172,-0.7299314147305095
327,Madhya Pradesh,Jhabua,1.8619333541706773,-0.10680748552625137,1.2506786645245993,1.1800791803602886,2.083715347758142,1.3471804715064652
328,Madhya Pradesh,Katni,1.8855369318228576,0.49166319255716634,1.4875738968575498,1.0637484735096776,2.4830395640325404,1.6053547881391492
329,Madhya Pradesh,Khandwa (East Nimar),0.5755383721268744,0.32286377053363813,0.5914919310763876,1.736804706002502,1.4879143436797397,0.9619783955789947
330,Madhya Pradesh,Khargone (West Nimar),-0.2505868456994212,1.3510057046769448,1.4875738968575498,0.4654762668493886,1.6251549443517852,1.0507082968690709
331,Madhya Pradesh,Mandla,-0.1679743239167913,-0.41371552556902924,0.3545966987434371,0.35745489620239224,0.07686670001611809,0.049696479551428356
332,Madhya Pradesh,Mandsaur,-0.30959578982987085,-0.8433867816289188,-0.6856823649795211,-0.0413932415711334,-0.9930522455851218,-0.6420361561752052
333,Madhya Pradesh,Morena,0.7643669933443136,-1.303748841693086,0.004403746599075127,0.7313750253650727,0.03336236634212758,0.021569706470567114
334,Madhya Pradesh,Narmadapuram,0.15067397438763652,0.13871894650797137,-0.24279127844400425,1.0720578097132922,0.4192392298543071,0.2710499320153245
335,Madhya Pradesh,Narsimhapur,-0.17977611274288138,0.1540643485101105,-0.15009314405284935,0.6233536547180764,0.14423684463159459,0.09325316942568795
336,Madhya Pradesh,Neemuch,-0.06175822448198202,-0.8433867816289188,-0.19129231489336276,0.9391084304554508,-0.18083444792003017,-0.11691454740956984
337,Madhya Pradesh,Panna,1.3662582234749006,0.7064988205871108,0.9931838467713918,0.7147563529578422,1.8948133449892302,1.2250500233948565
338,Madhya Pradesh,Raisen,-0.36860473396032056,0.3842453785421941,-0.4281875472263137,-0.398694698326584,-0.4125820395133225,-0.26674587156286167
339,Madhya Pradesh,Rajgarh,-0.6990548210908385,0.5837356045699995,-0.2839904492845173,0.9640364390662959,0.15459068143282972,0.0999472155960519
340,Madhya Pradesh,Ratlam,-0.5338297775255795,-0.3676793195626127,-0.09859418050220785,0.6732096719397667,-0.22877343398860192,-0.14790844776399412
341,Madhya Pradesh,Rewa,0.41031332856161545,0.015955730490860003,0.20009980809151265,1.0055831200843715,0.7292574018098896,0.47148538377702603
342,Madhya Pradesh,Sagar,1.083015291648742,-0.5211333395840018,0.6429908946270292,1.4459779388759728,1.2408447035083656,0.8022409368617505
343,Madhya Pradesh,Satna,1.8737351429967675,-0.275606907549779,0.16920042996112766,1.3213378958217459,1.4045273512939531,0.9080663639568957
344,Madhya Pradesh,Sehore,-1.3717567841779652,0.2614821625250827,-0.20159210760349083,1.3711939130434374,-0.11513843207212571,-0.0744402287838048
345,Madhya Pradesh,Seoni,-1.182928162960526,0.3842453785421941,0.1589006372509996,0.4904042754602337,-0.09520857206165351,-0.061555014766999386
346,Madhya Pradesh,Shahdol,1.236438546387911,0.2768275645272213,0.9931838467713918,-0.714449474063959,1.0544877057747644,0.6817559059551093
347,Madhya Pradesh,Shajapur,-0.6754512434386587,0.7371896245913885,-0.20159210760349083,0.8477057322156837,0.24423642418592678,0.1579057050416469
348,Madhya Pradesh,Sheopur,1.4488707452575296,-0.3676793195626127,0.8386869561194674,0.4737856030530032,1.2245613033974572,0.7917132615424014
349,Madhya Pradesh,Shivpuri,0.6699526827355944,-0.030080475515556825,0.6738902727574145,0.38238290481323733,0.8734873439936061,0.5647340905763782
350,Madhya Pradesh,Sidhi,0.6581508939095043,-0.3062977115540567,0.3339971133231802,0.5485696288855398,0.5929715943207747,0.3833727830850164
351,Madhya Pradesh,Singrauli,0.4457186950398849,1.013406860629889,0.663590480047286,-0.7726148274892645,0.8036256464869043,0.5195665418089424
352,Madhya Pradesh,Tikamgarh,-0.7108566099169286,0.16940975051224907,0.5502927602358746,0.1331028187047837,0.12596317114721467,0.0814387264945417
353,Madhya Pradesh,Ujjain,0.13887218556154726,1.7192953527282788,0.6841900654675429,1.3047192234145155,1.8367398488758826,1.1875038777755993
354,Madhya Pradesh,Umaria,1.3898618011270798,-0.47509713357758493,0.725389236308056,0.4654762668493886,1.071546735949086,0.6927850478858493
355,Maharashtra,Ahmednagar,-0.21518147922115127,0.9673706546234722,1.1991797009739578,-0.11617726740366997,1.049005098791738,0.6782112466193586
356,Maharashtra,Akola,-0.20337969039506118,1.657913744719723,0.12800125912061464,0.9640364390662959,1.1662263443695113,0.7539980728084266
357,Maharashtra,Amravati,-0.5338297775255795,1.1668608806512781,0.869586334249852,0.7064470167542276,1.1178372514996604,0.7227131657704704
358,Maharashtra,Beed,0.8587813039530328,1.504459724698334,0.7459888217283122,-0.40700403453019923,1.4375383858281143,0.9294089245501621
359,Maharashtra,Bhandara,-0.26238863452551087,1.504459724698334,0.4472948331345916,0.5734976374963849,1.1024356124479004,0.7127555737308255
360,Maharashtra,Buldhana,1.3544564346488104,2.010857990768918,1.8171672635816556,1.1219138269349838,3.18528146546877,2.0593738924790497
361,Maharashtra,Chandrapur,0.4457186950398849,3.0543453269143637,1.7553685073208858,0.8892524132337594,3.1195824179415026,2.0168976137874637
362,Maharashtra,Chhatrapati Sambhajinagar,0.07986324143109756,1.1975516846555558,1.3742761770461385,-0.11617726740366997,1.4102676977438882,0.911777659093899
363,Maharashtra,Dharashiv,0.4339169062137957,-0.38302472156475126,0.3030977351927956,0.12479348250116903,0.2594492209086866,0.16774120521394698
364,Maharashtra,Dhule,0.48112406151815523,3.115726934922919,1.6935697510601158,0.5236416202746946,2.983138342354314,1.9286826883267585
365,Maharashtra,Gadchiroli,0.2568900738224466,1.7499861567325565,0.6017917237865161,0.8892524132337594,1.693066048778347,1.094614732448351
366,Maharashtra,Gondia,0.39851153973552533,0.7832258305978054,0.622391309206773,1.0055831200843715,1.3525377402872536,0.8744536208608685
367,Maharashtra,Hingoli,0.45752048386597505,1.1054792726427227,0.9622844686410065,0.5485696288855398,1.5623754156731655,1.0101195690770475
368,Maharashtra,Jalgaon,0.32770080677898555,1.8267131667432512,0.7562886144384405,1.6038553267446605,2.1434268173946087,1.3857856129936392
369,Maharashtra,Jalna,0.5283312168225148,0.5530448005657218,0.972584261351135,0.19957750833370444,1.1964788592452402,0.7735571729985699
370,Maharashtra,Kolhapur,0.009052508474557774,0.04664653449513771,0.5296931748156185,0.041700120465017816,0.36657677742756023,0.23700217805157806
371,Maharashtra,Latur,1.1420242357791919,-0.09146208352411224,0.4472948331345916,-0.5316440775844261,0.5703499321011032,0.3687472433690732
372,Maharashtra,Mumbai,-0.8170727093517378,1.028752262632028,0.004403746599075127,0.5734976374963849,0.3331211719188111,0.21537218984215092
373,Maharashtra,Nagpur,-0.6990548210908385,2.363802236818113,0.4472948331345916,0.38238290481323733,1.2306796691708124,0.7956689567846839
374,Maharashtra,Nanded,0.2922954403007161,0.061991936497276835,0.5811921383662599,0.8477057322156837,0.8638155154864884,0.558480981915175
375,Maharashtra,Nandurbar,1.4488707452575296,1.857403970747529,2.8471465345944855,1.1136044907313678,3.7814942985882256,2.4448422274434387
376,Maharashtra,Nashik,1.0240063475182926,1.320314900672667,1.569972238538576,0.11648414629755321,2.1394611980952707,1.3832217287840012
377,Maharashtra,Palghar,-0.06175822448198202,0.8139166346020831,0.7768881998586975,0.36576423240600686,0.9835757506149603,0.6359093361295275
378,Maharashtra,Parbhani,0.48112406151815523,0.6451172125785554,1.2609784572347271,0.7895403787903789,1.629046407600039,1.053224237109792
379,Maharashtra,Pune,-0.33319936748205065,1.9648217847625011,0.3236973206130525,-0.5981187672133468,0.7489094896504522,0.4841910102876815
380,Maharashtra,Raigad,0.2686918626485359,0.07733733849941596,0.46789441855484853,0.09155613768670808,0.4894931887271417,0.3164710887684909
381,Maharashtra,Ratnagiri,-0.21518147922115127,0.7832258305978054,-0.005896046111053317,0.2909802065734715,0.38722411987037775,0.25035126460382573
382,Maharashtra,Sangli,0.17427755203981674,0.0006103284887214239,-0.24279127844400425,-0.26574531906874194,-0.16912138659627257,-0.10934172442590219
383,Maharashtra,Satara,-1.572387194221494,0.2921729665293604,-0.16039293676297778,0.24943352555539589,-0.6192960049782544,-0.40039225361866126
384,Maharashtra,Sindhudurg,-0.3213975786559605,1.3970419106833616,0.2515987716421541,-0.8557081895254157,0.33314184008244874,0.21538555239019017
385,Maharashtra,Solapur,0.32770080677898555,0.7064988205871108,0.34429690603330865,0.41562024962769833,0.8764632614158223,0.5666581047371123
386,Maharashtra,Thane,0.8587813039530328,-0.12215288752838994,0.12800125912061464,0.16634016351924466,0.5015250499520684,0.3242500248383991
387,Maharashtra,Wardha,-0.6872530322647488,1.4584235186919177,0.17950022267125612,0.4571669306457739,0.6645277358341984,0.4296358374733966
388,Maharashtra,Washim,0.2096829185180862,2.010857990768918,1.0034836394815196,0.3740735686096227,1.836199791040562,1.1871547152232331
389,Maharashtra,Yavatmal,0.36310617325725586,1.3663511066790839,1.0137834321916481,0.7729217063831484,1.7636885285716126,1.1402741483226015
390,Manipur,Bishnupur,-2.127071269047721,-1.641347685740142,-1.8392591485138905,-1.952540568402612,-3.725312332233982,-2.4085190089171165
391,Manipur,Chandel,0.056259663778917356,-1.579966077731586,-1.5302653672100415,-1.952540568402612,-2.448654341008242,-1.5831237761074106
392,Manipur,Churachandpur,-0.9940995417430869,-0.9968408016503079,-2.034955210006328,-2.0605619390496086,-3.026324463154529,-1.9566037278510697
393,Manipur,Imphal East,-1.784819393091113,-1.0582224096588635,-1.5611647453404263,-1.2961030083170175,-2.845965297675865,-1.8399964638831403
394,Manipur,Imphal West,-2.115269480221631,-1.426512057710197,-1.993756039165815,-2.002396585624303,-3.7296383643130655,-2.4113159101072537
395,Manipur,Senapati,-0.7344601875691084,-1.2116764296802525,-1.7156616359923509,-1.4456710599820894,-2.5648203270689027,-1.6582283473928254
396,Manipur,Tamenglong,-0.7580637652212882,-1.3804758517037805,-1.0564749025441396,-2.4012447233978285,-2.6367096048764154,-1.7047067837479555
397,Manipur,Thoubal,-0.23878505687333107,-1.579966077731586,-1.5096657817897847,-2.17689264590022,-2.6685109937025224,-1.7252672744308162
398,Manipur,Ukhrul,-0.7580637652212882,-1.0735678116610023,-1.3963680619783736,-2.6006687922845915,-2.774808709117396,-1.7939917316973715
399,Meghalaya,East Garo Hills,0.728961626866044,0.23079135852080504,-0.31488982741490223,-3.1490849817231896,-0.9813334718901849,-0.6344596399831984
400,Meghalaya,East Jaintia Hills,1.920942298301127,-1.5492752737273083,-0.6135838160086228,-1.5536924306290858,-0.8119073452616563,-0.5249208925710311
401,Meghalaya,East Khasi Hills,1.3072492793444508,-1.134949419669558,-0.5929842305883662,-2.235057999325526,-1.167698272701143,-0.7549497157984179
402,Meghalaya,North Garo Hills,0.24508828499635651,-1.0582224096588635,-1.4169676473986301,-2.9662795852436568,-2.4392377388970834,-1.577035678476538
403,Meghalaya,Ri Bhoi,1.059411713996562,-0.10680748552625137,0.004403746599075127,-1.6783324736833127,-0.20399394157513318,-0.131887810247846
404,Meghalaya,South Garo Hills,-0.4394154669168599,-0.045425877517695404,-0.9019780118922152,-2.6837621543207426,-1.8541468746492678,-1.198758008630922
405,Meghalaya,South West Garo Hills,-0.15617253509070117,0.20010055451652678,-0.3251896201250307,-2.5258847664520556,-1.1833439208797343,-0.7650650665889834
406,Meghalaya,South West Khasi Hills,2.1097709195185663,-1.257712635686669,-0.20159210760349083,-0.38207602591935413,0.1387618670732823,0.0897134427272068
407,Meghalaya,West Garo Hills,0.7053580492138639,-0.5671695455904183,-0.33548941283515876,-2.9662795852436568,-1.318876615040657,-0.8526907583710677
408,Meghalaya,West Jaintia Hills,1.7911226212141385,-1.3651304497016417,-0.12949355863259282,-0.938801551561567,-0.24555197379491667,-0.15875624479720227
409,Meghalaya,West Khasi Hills,3.0067068703014015,-1.626002283738003,0.1589006372509996,-0.8058521723037249,0.44629343954168554,0.2885412381105118
410,Mizoram,Aizawl,-0.9704959640909071,-1.7334200977529752,-2.0555547954265845,-1.81959118914477,-3.2880894409443826,-2.1258421349023124
411,Mizoram,Champhai,-0.7462619763951984,-0.9968408016503079,-1.695062050572094,-2.2932233527508323,-2.7915956348023014,-1.8048449504365174
412,Mizoram,Kolasib,-0.36860473396032056,-1.119604017667419,-1.7465610141227355,-1.0052762411904883,-2.18626963097663,-1.4134846947632236
413,Mizoram,Lawngtlai,-0.09716359096025148,-0.3676793195626127,-1.303669927587219,-0.8806361981362615,-1.370884219752099,-0.8863151349023742
414,Mizoram,Lunglei,-0.8288744981778279,-1.3958212537059194,-1.9010579047746599,-1.6783324736833127,-2.9054877608741325,-1.8784794074017652
415,Mizoram,Mamit,-0.840676287003918,-1.7180746957508364,-1.6126637088910678,-1.694951146090543,-2.8980067483776892,-1.8736427227974368
416,Mizoram,Serchhip,-0.20337969039506118,-1.5646206757294472,-1.5611647453404263,-1.8860658787736908,-2.5594630185247125,-1.6547646970154681
417,Mizoram,Siaha,1.212834968735731,-1.6720384897444198,-1.2315713786163207,-1.6201671202580072,-1.6179632153647587,-1.0460586421750586
418,Nagaland,Dimapur,-0.6164422993082089,0.9827160566256112,0.02500333201933165,-1.4124337151676292,-0.3704635642459767,-0.23951509484912104
419,Nagaland,Kiphire,0.39851153973552533,-1.1656402236738357,-0.4693867180668267,-0.8889455343398761,-1.0115229457452002,-0.6539779823836078
420,Nagaland,Kohima,-0.6164422993082089,1.2742786946662503,-0.7680807066605472,-2.284914016547217,-1.0604563950160557,-0.6856148311173248
421,Nagaland,Longleng,0.06806145260500746,0.1847551525143882,-0.39728816909592873,-2.1187272924749148,-0.963827001482244,-0.6231412153797812
422,Nagaland,Mokokchung,-0.2505868456994212,-1.0582224096588635,-0.6856823649795211,-2.5258847664520556,-2.0581981884553286,-1.3306829116367571
423,Nagaland,Mon,0.23328649617026642,-1.6566930877422807,-0.6444831941390077,-2.201820654511066,-1.9591602973277649,-1.266652134587586
424,Nagaland,Peren,0.16247576321372662,-1.457202861714475,-0.9122778046023436,-1.2379376548917114,-1.6762160028588553,-1.0837207047054787
425,Nagaland,Phek,-0.6518476657864789,-0.8740775856331965,-1.4375672328188867,-1.744807163312234,-2.310899279409397,-1.4940612613849464
426,Nagaland,Tuensang,0.4221151173877056,0.9213344486170558,0.47819421126497696,-2.2516766717327568,0.04534675690001477,0.029317951421520976
427,Nagaland,Wokha,-0.8524780758300077,0.7525350265935277,-0.16039293676297778,-1.7032604822941584,-0.8252530955072283,-0.5335492947795099
428,Nagaland,Zunheboto,1.236438546387911,1.2742786946662503,1.5390728604081914,-2.5757407836737465,1.1288331856276705,0.7298223458891294
429,Odisha,Anugul,-0.6400458769603887,0.9980614586277504,0.09710188099022966,0.781231042586763,0.5433654263589067,0.35130100283134663
430,Odisha,Balangir,-0.09716359096025148,1.0594430666363057,0.8283871634093389,0.7479936977723032,1.2689603633412516,0.8204185002756468
431,Odisha,Baleshwar,-1.0767120635257168,-0.5518241435882795,-0.7165817431099057,-1.8860658787736908,-1.9774893118858605,-1.2785023570765601
432,Odisha,Bargarh,0.6345473162573241,-0.09146208352411224,0.04560291743958817,-0.8058521723037249,-0.0298592823654954,-0.019304864332487445
433,Odisha,Bhadrak,-0.1443707462646119,-0.4290609275711681,-0.06769480237182325,0.23281485314816538,-0.22627230553689032,-0.1462913980021347
434,Odisha,Boudh,0.41031332856161545,0.23079135852080504,0.9313850905106219,-0.8058521723037249,0.5575807804536991,0.3604916283420037
435,Odisha,Cuttack,-1.5487836165693143,-0.6745873596053908,-1.097674073384653,-0.17434262082897606,-1.8162872973742388,-1.1742807290354706
436,Odisha,Deogarh,-0.6046405104821193,1.3356603026748062,0.4884940039751047,-0.36545735351212366,0.5058498572386723,0.3270461341658128
437,Odisha,Dhenkanal,-0.02635285800371254,0.6297718105764163,0.04560291743958817,-0.32391067249404804,0.19092322995704433,0.1234372282335958
438,Odisha,Gajapati,1.1656278134313713,-0.38302472156475126,0.4884940039751047,-0.12448660360728463,0.6279419374056441,0.405982091662843
439,Odisha,Ganjam,-1.1357210076561663,-1.2884034396909472,-1.097674073384653,-0.38207602591935413,-1.9959813468599852,-1.290457976841207
440,Odisha,Jagatsinghapur,-2.3985124120477894,-1.2116764296802525,-1.9113576974847883,-0.6396654482314225,-3.169831584934944,-2.0493851109668957
441,Odisha,Jajapur,-0.9468923864387273,-0.41371552556902924,-0.7989800847909322,0.041700120465017816,-1.1299694605898658,-0.7305569795524933
442,Odisha,Jharsuguda,-0.7580637652212882,-0.26026150554764044,-0.2736906565743892,-0.033083905367518755,-0.6736073005942771,-0.43550603099465485
443,Odisha,Kalahandi,-0.06175822448198202,-0.2142252995412236,0.41639545500420705,0.24112418935178004,0.21629378827345375,0.13984000644985045
444,Odisha,Kandhamal,0.07986324143109756,0.72184422258925,0.5811921383662599,-0.8806361981362615,0.3918049480058266,0.25331289859766454
445,Odisha,Kendrapara,-0.5810369328299391,-1.641347685740142,-1.200672000485936,-0.36545735351212366,-1.954134768220701,-1.2634029889308591
446,Odisha,Kendujhar,0.3158990179528963,0.7985712325999444,0.7768881998586975,-0.10786793120005532,0.970563171150818,0.6274963381848325
447,Odisha,Khordha,-1.9382426478302819,-0.8280413796267799,-1.303669927587219,-0.8141615085073401,-2.4598965346282613,-1.5903921699012555
448,Odisha,Koraput,1.1302224469531017,-0.41371552556902924,0.4060956622940786,0.3159082151843166,0.7211105025753225,0.4662181847020909
449,Odisha,Malkangiri,1.2718439128661805,0.10802814250369366,1.2403788718144708,1.0637484735096776,1.849025995771657,1.1954472166706431
450,Odisha,Mayurbhanj,0.374907962083346,1.519805126700473,1.6832699583499873,0.48209493925661906,2.13608757021783,1.381040583648459
451,Odisha,Nabarangpur,1.2482403352140012,1.013406860629889,1.7553685073208858,0.4073109134240825,2.3284776960146996,1.5054262012248085
452,Odisha,Nayagarh,-1.5959907718736739,-1.2423672336845302,-0.9637767681529851,-0.8889455343398761,-2.3171119243505944,-1.4980779107560755
453,Odisha,Nuapada,1.1302224469531017,-0.07611668152197311,0.869586334249852,0.631662990921691,1.2929791446843146,0.835947316728226
454,Odisha,Puri,-2.3277016790912497,-1.4878936657187527,-1.8804583193544036,-1.2379376548917114,-3.4887309223842746,-2.2555624855542207
455,Odisha,Rayagada,1.1892313910835515,-0.38302472156475126,1.054982603032161,0.38238290481323733,1.186731597396225,0.7672552945640796
456,Odisha,Sambalpur,0.8469795151269435,1.0594430666363057,0.6944898581776706,-0.11617726740366997,1.300798273226924,0.8410026028488257
457,Odisha,Sonepur,-0.4630190445690397,1.1361700766470004,0.5090935893953615,0.59842564610723,0.8744584517628987,0.5653619390125512
458,Odisha,Sundargarh,-0.07356001330807212,0.3842453785421941,0.5296931748156185,0.9307990942518349,0.8441711663293154,0.5457803586805904
459,Puducherry,Karaikal,-0.9468923864387273,-0.5057879375818626,-1.0152757317036265,-0.033083905367518755,-1.3362313801845924,-0.8639111012622621
460,Puducherry,Mahe,1.7321136770836887,-1.7334200977529752,0.3133975279029241,-2.4095540596014438,-0.76831649440175,-0.49673818370055217
461,Puducherry,Pondicherry,-1.9500444366563718,-1.0735678116610023,-1.695062050572094,0.03339078426140199,-2.4855225693664584,-1.6069601207965583
462,Puducherry,Yanam,-1.005901330569177,-0.950804595643891,-1.1182736588049096,-2.17689264590022,-2.497134218607094,-1.6144673780213983
463,Punjab,Amritsar,-1.6668015048302136,-1.0275316056545856,-1.8907581120645318,0.6399723271253057,-2.2035991533795984,-1.4246887175137068
464,Punjab,Barnala,0.03265608612673714,-1.4111666557080582,-1.344869098427732,-0.4402413793446596,-1.6628716612182424,-1.0750932131996518
465,Punjab,Bathinda,-1.2419371070909757,-0.4904425355797238,-0.5929842305883662,0.30759887898070076,-1.0786286952712654,-0.697363733409814
466,Punjab,Faridkot,-0.6400458769603887,-1.2730580376888079,-0.9122778046023436,0.8477057322156837,-1.14528722741712,-0.740460345844328
467,Punjab,Fatehgarh Sahib,-0.4158118892646801,-1.7641109017572532,-1.1697726223555511,-0.36545735351212366,-1.9146291355252925,-1.237861488294017
468,Punjab,Fazilka,0.280493651474626,-1.3958212537059194,-0.9637767681529851,0.34083622379516176,-0.9917528030404617,-0.6411960300889361
469,Punjab,Ferozepur,-0.4158118892646801,-0.8740775856331965,-0.7783804993706757,0.6233536547180764,-0.8511206633087538,-0.5502734035811644
470,Punjab,Gurdaspur,-0.9940995417430869,-1.3958212537059194,-1.4684666109492714,0.3491455599987764,-1.914135431204972,-1.2375422945904484
471,Punjab,Hoshiarpur,-1.6786032936563033,-1.0889132136631412,-1.7671605995429924,0.30759887898070076,-2.296081028530119,-1.4844808461771186
472,Punjab,Jalandhar,-1.0295049082213568,-1.2730580376888079,-1.3242695130074755,0.274361534166241,-1.8137247913342631,-1.172623996939656
473,Punjab,Kapurthala,-1.0531084858735364,-0.8894229876353353,-1.066774695254268,0.23281485314816538,-1.4989557576090649,-0.9691169796660246
474,Punjab,Ludhiana,-1.348153206525785,-1.94825572578292,-1.7671605995429924,0.9972737838807568,-2.277211938993606,-1.4722814500522845
475,Punjab,Mansa,0.36310617325725586,-0.9968408016503079,-0.7062819503997776,1.022201792491602,-0.33007516875349474,-0.2134028632808834
476,Punjab,Moga,-1.359954995351875,-1.0121862036524467,-1.313969720297347,0.36576423240600686,-1.804930938805969,-1.1669385243974628
477,Punjab,Pathankot,-1.348153206525785,-1.2730580376888079,-1.9319572829050449,0.19957750833370444,-2.368552399499887,-1.531335622103597
478,Punjab,Patiala,-1.560585405395404,-1.3344396456973637,-1.303669927587219,0.8975617494373752,-1.840101449212993,-1.1896772467686516
479,Punjab,Rupnagar,-2.1742784243520807,-1.457202861714475,-1.4684666109492714,-0.033083905367518755,-2.6682969828546996,-1.72512891040946
480,Punjab,S.A.S Nagar,-0.8642798646560979,-1.2116764296802525,-0.6753825722693927,-0.1826519570325907,-1.4902872122787392,-0.9635125217452497
481,Punjab,Sangrur,-1.1947299517866161,-1.257712635686669,-1.1800724150656792,0.08324680148309344,-1.8746056837342702,-1.21198520307437
482,Punjab,Shahid Bhagat Singh Nagar,-1.8438283372215627,-1.0121862036524467,-1.8907581120645318,-0.16603328462536082,-2.6030796339140068,-1.6829640633775216
483,Punjab,Sri Muktsar Sahib,0.17427755203981674,-0.7666597716182242,0.11770146641048618,0.2577428617590105,-0.11226663829591366,-0.07258353348342746
484,Punjab,Tarn Taran,-1.147522796482256,-1.119604017667419,-1.5611647453404263,0.38238290481323733,-1.8980613220438154,-1.227149931745844
485,Rajasthan,Ajmer,-1.3245496288736052,0.2154459565186659,-0.6650827795592642,0.8643244046229143,-0.5990827877704137,-0.38732384121865715
486,Rajasthan,Alwar,0.04445787495282725,-0.4597517315754461,-0.5723846451681097,-0.22419863805066634,-0.6393867602112386,-0.413381490913867
487,Rajasthan,Banswara,1.3072492793444508,-0.19887989753908447,0.9416848832207504,1.346265904432591,1.6480011997911328,1.0654790424068679
488,Rajasthan,Baran,1.4724743229097097,0.4149361825464718,1.096181773872675,-0.06632125018197972,1.5567894165472662,1.0065080638182509
489,Rajasthan,Barmer,0.6581508939095043,-1.0889132136631412,0.22069939351176915,0.09986547389032273,-0.03379368824750012,-0.021848568191519608
490,Rajasthan,Bharatpur,0.7997723598225831,-0.981495399648169,-0.04709521695156636,0.814468387401224,0.20825738489724155,0.13464424604945321
491,Rajasthan,Bhilwara,-1.2891442623953353,-0.1835344955369459,-0.6238836087187511,-0.26574531906874194,-1.2001566159663226,-0.7759349459697794
492,Rajasthan,Bikaner,-1.2655406847431554,1.074788468638445,-0.10889397321233629,1.3711939130434374,0.38667367632280225,0.24999538739691346
493,Rajasthan,Bundi,-0.4158118892646801,0.1540643485101105,-0.04709521695156636,0.7479936977723032,0.14225907572982838,0.09197448630590442
494,Rajasthan,Chittorgarh,-0.2505868456994212,-0.6132057515968351,-0.3766885836756722,0.5402602926819251,-0.432867811338067,-0.2798611925596257
495,Rajasthan,Churu,-0.7580637652212882,-0.32164311355619585,-0.6341834014288796,1.013892456287986,-0.5060661219981266,-0.3271859554043161
496,Rajasthan,Dausa,0.49292585034424535,0.32286377053363813,0.4060956622940786,0.7064470167542276,0.9243549193332582,0.5976214061131151
497,Rajasthan,Dholpur,1.4370689564314403,-0.7513143696160853,0.17950022267125612,1.3130285596181313,0.965461951243548,0.6241982563007941
498,Rajasthan,Dungarpur,-0.2505868456994212,-0.4597517315754461,-0.3766885836756722,1.1551511717494436,-0.11361651469207068,-0.07345626647059234
499,Rajasthan,Ganganagar,-1.0649102746996266,0.9673706546234722,-0.3560889982554153,0.5319509564783094,-0.0531236648231489,-0.034345940726308866
500,Rajasthan,Hanumangarh,-1.1003156411778965,0.1847551525143882,-0.8504790483415736,1.254863206192825,-0.46270163229428574,-0.29914959537620045
501,Rajasthan,Jaipur,-1.005901330569177,-0.6132057515968351,-0.9019780118922152,0.4488575944421581,-1.1557763705411412,-0.7472418713510249
502,Rajasthan,Jaisalmer,-0.9468923864387273,0.9827160566256112,0.22069939351176915,-0.6064281034169621,-0.09025874748276533,-0.058354814213101625
503,Rajasthan,Jalore,1.2718439128661805,-0.9968408016503079,0.7150894435979275,0.03339078426140199,0.5832998508623893,0.37711972941020633
504,Rajasthan,Jhalawar,0.056259663778917356,1.5965321367111676,0.8798861269599805,0.59842564610723,1.5752141606063712,1.0184201781171816
505,Rajasthan,Jhunjhunu,-1.4897746724388645,-0.7206235656118074,-1.0255755244137545,0.9391084304554508,-1.3224454304752211,-0.8549980977420755
506,Rajasthan,Jodhpur,-0.10896537978634159,-0.8126959776246407,-0.4281875472263137,-0.12448660360728463,-0.7570116201179843,-0.48942926509786955
507,Rajasthan,Karauli,0.48112406151815523,1.228242488659834,0.7974877852789536,0.8310870598084544,1.6453163227323997,1.0637431940119262
508,Rajasthan,Kota,-0.4748208333951298,0.33820917253577726,-0.3251896201250307,0.06662812907586295,-0.23819465636618664,-0.15399953252682277
509,Rajasthan,Nagaur,-0.23878505687333107,-0.3676793195626127,-0.3457892055452872,-0.06632125018197972,-0.531064776566128,-0.3433482874062285
510,Rajasthan,Pali,0.280493651474626,-0.045425877517695404,0.6532906873371576,0.5568789650891545,0.7341917994528773,0.4746756103837612
511,Rajasthan,Pratapgarh,-0.5338297775255795,0.9673706546234722,0.2309991862218976,-0.008155896756673624,0.3471834568482786,0.22446385184009154
512,Rajasthan,Rajsamand,-0.38040652278641024,-0.3062977115540567,-0.6032840232984946,1.529071300912124,-0.09146957171788572,-0.05913764607434215
513,Rajasthan,Sawai Madhopur,-0.7816673428734683,0.5223539965614441,-0.5517850597478532,0.6150443185144605,-0.21750073003889403,-0.14062032818544457
514,Rajasthan,Sikar,-1.2301353182648855,-0.8894229876353353,-1.1594728296454226,-0.36545735351212366,-1.879637026911614,-1.2152381076907601
515,Rajasthan,Sirohi,-0.33319936748205065,-0.336988515558335,0.16920042996112766,0.8227777236048386,0.10623182052198422,0.06868185436833865
516,Rajasthan,Tonk,-0.04995643565589191,-0.07611668152197311,-0.13979335134272125,-0.10786793120005532,-0.1892870025297583,-0.12237936126565581
517,Rajasthan,Udaipur,0.056259663778917356,-1.5339298717251695,-0.3045900347047738,0.9141804218446057,-0.5369845166722278,-0.34717556557832213
518,Sikkim,Gangtok,-1.8556301260476524,-0.6592419576032517,-1.7053618432822224,-1.337649689335093,-2.791592469697829,-1.8048429041076175
519,Sikkim,Gyalshing,-0.9822977529169972,0.3842453785421941,-1.0564749025441396,0.09986547389032273,-0.8946140975744492,-0.5783931298885678
520,Sikkim,Mangan,-0.20337969039506118,-2.163091353812865,-1.4684666109492714,-1.0302042498013335,-2.4517647968964638,-1.585134773163512
521,Sikkim,Namchi,-1.0295049082213568,-1.626002283738003,-2.3027498204696637,-0.7809241636928798,-3.0016513042541453,-1.9406518379363868
522,Tamil Nadu,Ariyalur,-0.9704959640909071,-0.5364787415861406,-0.9740765608631131,-0.32391067249404804,-1.453268139828434,-0.9395786521157005
523,Tamil Nadu,Chennai,-1.5487836165693143,-0.045425877517695404,-0.7886802920808041,-0.8806361981362615,-1.6046035289852112,-1.0374212298647154
524,Tamil Nadu,Coimbatore,-1.2419371070909757,-1.779456303759392,-1.1388732442251661,-2.334770033768908,-3.0882449204611397,-1.9966370418831252
525,Tamil Nadu,Cuddalore,-1.572387194221494,-0.7206235656118074,-1.1903722077758077,-0.09124925879282485,-1.8734438672274218,-1.211234056085323
526,Tamil Nadu,Dharmapuri,-0.5692351440038493,-0.26026150554764044,-0.6547829868491362,-0.9720388963760274,-1.1884843220141355,-0.768388480236354
527,Tamil Nadu,Dindigul,-0.7580637652212882,0.3842453785421941,-0.11919376592246474,-1.3044123445206321,-0.7737909451253229,-0.5002775697855837
528,Tamil Nadu,Erode,-1.6668015048302136,0.35355457453791583,-0.2736906565743892,-1.611857784054392,-1.4459083404784483,-0.9348203352135507
529,Tamil Nadu,Kanchipuram,-1.525180038917134,-0.4444063295733072,-1.004975938993498,0.24112418935178004,-1.4713614249420617,-0.9512764689008496
530,Tamil Nadu,Kanniyakumari,-1.914639070178102,-1.10425861566528,-1.550864952630298,-2.226748663121911,-3.2956506623992166,-2.1307306768500633
531,Tamil Nadu,Karur,0.009052508474557774,-0.030080475515556825,0.6944898581776706,0.6067349823108459,0.6550045370324726,0.4234788220894278
532,Tamil Nadu,Krishnagiri,-0.5338297775255795,-1.257712635686669,-1.0564749025441396,-1.611857784054392,-2.1540921042773253,-1.3926810203854734
533,Tamil Nadu,Madurai,-0.13256895743852182,-1.3958212537059194,-0.8298794629213171,-0.9637295601724127,-1.6300606844158998,-1.0538799955465186
534,Tamil Nadu,Nagapattinam,-0.1443707462646119,-0.9354591936417521,-0.5414852670377247,-0.41531337073381447,-1.0185577534965784,-0.6585261830932947
535,Tamil Nadu,Namakkal,-0.9822977529169972,-1.2730580376888079,-1.4272674401087584,0.16634016351924466,-1.8966746648047192,-1.226253418911117
536,Tamil Nadu,Perambalur,-0.5220279886994894,-0.41371552556902924,-0.7474811212402906,0.274361534166241,-0.799899996427196,-0.5171578044497316
537,Tamil Nadu,Pudukkottai,-0.15617253509070117,-1.3958212537059194,-0.8195796702111887,0.43223892203492764,-1.0791188713592796,-0.6976806460121435
538,Tamil Nadu,Ramanathapuram,-0.840676287003918,-0.13749828953052906,-0.8195796702111887,-0.7227588102675737,-1.2618276584339967,-0.8158070063062759
539,Tamil Nadu,Salem,-1.171126374134436,-1.303748841693086,-0.9019780118922152,-1.2130096462808664,-2.2322620085567513,-1.4432200580798848
540,Tamil Nadu,Sivaganga,-0.6990548210908385,0.6451172125785554,-0.11919376592246474,-0.789233499896495,-0.4136424327352921,-0.26743144555083087
541,Tamil Nadu,Thanjavur,-1.6431979271780335,-1.579966077731586,-0.7886802920808041,-0.09124925879282485,-2.0789171453662534,-1.3440782989531734
542,Tamil Nadu,The Nilgiris,-0.8052709205256481,-0.19887989753908447,-0.6547829868491362,-1.6617138012760828,-1.5479413551370884,-1.0007875437120348
543,Tamil Nadu,Theni,-1.572387194221494,-0.47509713357758493,-1.107973866094781,-1.5869297754435467,-2.300145912127354,-1.4871089075421384
544,Tamil Nadu,Thiruvallur,-1.8202247595693823,-0.2449161035455013,-0.9225775973124717,-0.6230467758241925,-1.811826008665864,-1.17139638063724
545,Tamil Nadu,Thiruvarur,-1.6195943495258536,-0.030080475515556825,-0.8298794629213171,-1.7364978271086189,-1.9975711558497282,-1.291485832986103
546,Tamil Nadu,Tiruchirappalli,-0.6990548210908385,0.35355457453791583,-0.22219169302374772,1.3628845768398214,0.23971018153821577,0.15497936209808866
547,Tamil Nadu,Tirunelveli,-0.48662262222121994,-1.0121862036524467,-0.7062819503997776,-1.329340353131478,-1.6862427209180697,-1.0902032594254445
548,Tamil Nadu,Tiruppur,-1.4189639394823248,-0.5057879375818626,-0.6650827795592642,-1.7531164995158492,-2.0367650067344014,-1.3168257579291989
549,Tamil Nadu,Tiruvannamalai,-0.3450011563081403,-0.5825149475925572,-0.4693867180668267,-0.0995585949964395,-0.7751875227570115,-0.5011804964326317
550,Tamil Nadu,Tuticorin,-1.560585405395404,-0.030080475515556825,-0.8813784264719586,-0.8557081895254157,-1.649489239428485,-1.0664411018083235
551,Tamil Nadu,Vellore,-0.4394154669168599,-0.8433867816289188,-1.0152757317036265,-0.41531337073381447,-1.405923900226234,-0.9089692720489708
552,Tamil Nadu,Villupuram,-1.1357210076561663,-0.950804595643891,-0.9328773900226002,0.6233536547180764,-1.3315047668165252,-0.8608552130226941
553,Tamil Nadu,Virudhunagar,-0.5102261998733997,-0.6438965556011128,-0.6032840232984946,-0.581500094806117,-1.1586471006280874,-0.7490978789464293
554,Telangana,Adilabad,1.4370689564314403,1.673259146721862,2.3115573136678136,0.8643244046229143,3.2607220030697603,2.10814831799036
555,Telangana,Bhadradri Kothagudem,-0.6046405104821193,0.49166319255716634,-0.43848733993644173,0.28267087036985566,-0.20985508768344618,-0.1356772057553757
556,Telangana,Hanumakonda,-0.4748208333951298,1.673259146721862,0.663590480047286,0.09155613768670808,1.0210763909140097,0.6601545528930466
557,Telangana,Hyderabad,-0.36860473396032056,-0.13749828953052906,-1.097674073384653,-0.19096129323620595,-0.9906816945978456,-0.6405035284099949
558,Telangana,Jagitial,-0.4276136780907702,-0.16818909353480677,0.28249814977253873,-0.4984067327699657,-0.31503979431565055,-0.20368207159681587
559,Telangana,Jangoan,-0.014551069177622434,0.660462614580694,0.1383010518307427,0.29928954277708614,0.5162905703492597,0.33379634830917837
560,Telangana,Jayashankar Bhupalapally,-0.1207671686124317,2.026203392771057,0.7356890290181844,0.16634016351924466,1.4373744058515912,0.9293029068916908
561,Telangana,Jogulamba Gadwal,1.9091405094750378,-0.19887989753908447,1.2506786645245993,1.3711939130434374,2.1381555083358976,1.382377563698033
562,Telangana,Kamareddy,-0.014551069177622434,2.4405292468288073,1.4772741041474213,0.4737856030530032,2.264152131669062,1.4638379179699434
563,Telangana,Karimnagar,-0.38040652278641024,-0.7206235656118074,-0.21189190031361926,0.4073109134240825,-0.5002917382292632,-0.3234526541850463
564,Telangana,Khammam,-1.3363514176996953,0.9366798506191945,-0.3457892055452872,-0.44855071554827486,-0.5839008322028529,-0.37750828071904197
565,Telangana,Kumuram Bheem Asifabad,0.5401330056486049,2.624674070854475,1.1888799082638293,0.39900157722046786,2.4165894846313973,1.562392946256289
566,Telangana,Mahabubabad,-0.06175822448198202,0.10802814250369366,-0.33548941283515876,1.26317254239644,0.32099667896802675,0.20753336476089018
567,Telangana,Mahabubnagar,1.0712135028226522,-0.12215288752838994,0.3545966987434371,1.3878125854506667,1.2292790534976157,0.794763419430435
568,Telangana,Mancherial,-0.8996852311343677,0.5376993985635832,-0.22219169302374772,-0.5981187672133468,-0.5495939151999055,-0.35532789572850615
569,Telangana,Medak,0.3395025956050757,0.4149361825464718,1.2815780426549839,0.34083622379516176,1.2827479150950913,0.8293325395625588
570,Telangana,Medchal Malkajgiri,-0.014551069177622434,-1.0121862036524467,-0.4693867180668267,0.6565909995325362,-0.5217962219354434,-0.33735590662783516
571,Telangana,Mulugu,-0.1207671686124317,2.026203392771057,0.7356890290181844,0.16634016351924466,1.4373744058515912,0.9293029068916908
572,Telangana,Nagarkurnool,0.18607934086590683,1.3356603026748062,0.1383010518307427,0.7646123701795325,1.125850142933336,0.7278937250399328
573,Telangana,Nalgonda,-0.21518147922115127,1.7192953527282788,-0.16039293676297778,0.7147563529578422,0.9150664884316361,0.591616174767545
574,Telangana,Nirmal,-0.21518147922115127,-0.07611668152197311,0.39579586958395013,-0.049702577774749235,0.08036526320456105,0.051958398873025065
575,Telangana,Nizamabad,-0.35680294513423044,1.1668608806512781,0.910785505090365,-0.049702577774749235,0.9275619787754963,0.5996948600789804
576,Telangana,Peddapalli,-0.7108566099169286,1.5658413327068899,0.36489649145356556,0.30759887898070076,0.758560731038267,0.4904308087982832
577,Telangana,Rajanna Sircilla,-1.3127478400475154,0.12337354450583224,-0.3560889982554153,-0.016465232960288272,-0.8004021032764751,-0.5174824306241687
578,Telangana,Ranga Reddy,0.5047276391703346,-0.7206235656118074,-0.005896046111053317,0.8227777236048386,0.21995648027083192,0.14220803965425127
579,Telangana,Sangareddy,-0.07356001330807212,0.9827160566256112,0.5708923456561315,0.09155613768670808,0.8247396594386359,0.533217343946725
580,Telangana,Siddipet,-0.6400458769603887,0.10802814250369366,0.004403746599075127,-0.1992706294398212,-0.334698578053175,-0.2163920271928409
581,Telangana,Suryapet,-0.5220279886994894,0.9673706546234722,0.055902710149716615,0.8892524132337594,0.6036327586418267,0.39026552512499574
582,Telangana,Vikarabad,-0.1679743239167913,0.2154459565186659,0.7768881998586975,0.34083622379516176,0.6323781582252525,0.4088502329672188
583,Telangana,Wanaparthy,0.8115741486486732,-0.5364787415861406,0.375196284163694,0.781231042586763,0.67370985250392,0.43557233368332837
584,Telangana,Warangal,0.3040972291268062,0.061991936497276835,0.8592865415397235,0.4654762668493886,0.886843800499545,0.5733694146827566
585,Telangana,Yadadri Bhuvanagiri,0.5637365833007844,-1.2730580376888079,-0.24279127844400425,-0.049702577774749235,-0.5109329777018549,-0.3303325142511167
586,The Dadra And Nagar Haveli And Daman And Diu,Dadra And Nagar Haveli,1.0476099251704718,0.35355457453791583,1.2918778353651124,0.7396843615686873,1.7615001173246965,1.1388592790130088
587,The Dadra And Nagar Haveli And Daman And Diu,Daman,-0.4158118892646801,1.013406860629889,-0.02649563153130984,1.379503249247052,0.8224733471363099,0.5317521094177798
588,The Dadra And Nagar Haveli And Daman And Diu,Diu,0.04445787495282725,-0.1835344955369459,-0.10889397321233629,-0.2574359828651273,-0.23626446808401055,-0.1527516116134044
589,Tripura,Dhalai,1.4370689564314403,-0.41371552556902924,-0.20159210760349083,1.2714818786000557,0.8799937514301492,0.5689406656479714
590,Tripura,Gomati,-1.2773424735692456,1.3816965086812232,-0.05739500966169481,0.39900157722046786,0.17366785533875628,0.11228114410756758
591,Tripura,Khowai,1.5904922111706092,-0.3062977115540567,-0.5002860961972116,0.6233536547180764,0.5660608685642766,0.36597424337937695
592,Tripura,North Tripura,-0.8642798646560979,1.7499861567325565,0.272198357062411,-1.1132976118374847,0.1507787742415458,0.09748271057965517
593,Tripura,Sepahijala,0.11526860790936704,-0.5671695455904183,-0.8813784264719586,0.5153322840710789,-0.5508782107411214,-0.35615822885180454
594,Tripura,South Tripura,-0.9468923864387273,-0.5057879375818626,-0.8195796702111887,-0.5233347413808108,-1.4122007115936341,-0.9130274068160775
595,Tripura,Unakoti,-0.20337969039506118,0.10802814250369366,0.2515987716421541,-0.2574359828651273,0.004566845306473089,0.0029525937023455458
596,Tripura,West Tripura,-0.38040652278641024,-1.0582224096588635,-0.8607788410517021,-0.9471108877651822,-1.5989777296078114,-1.033783992625953
597,Uttar Pradesh,Agra,0.280493651474626,-0.336988515558335,-0.3457892055452872,0.5901163099036154,-0.002946206903757618,-0.0019048054764438666
598,Uttar Pradesh,Aligarh,0.17427755203981674,-1.1809856256759745,-0.33548941283515876,-0.2740546552723572,-0.8010688103697132,-0.517913475477388
599,Uttar Pradesh,Ambedkar Nagar,-0.28599221217769066,-0.12215288752838994,-0.036795424241438286,-0.9138735429507219,-0.584291422750983,-0.3777608084740263
600,Uttar Pradesh,Amethi,0.2686918626485359,0.20010055451652678,0.36489649145356556,-1.1216069480411,0.002846982624585103,0.001840654194290839
601,Uttar Pradesh,Amroha,1.0240063475182926,0.5990810065721386,0.6017917237865161,0.30759887898070076,1.2760164494039432,0.8249804580109749
602,Uttar Pradesh,Auraiya,0.728961626866044,0.12337354450583224,0.3133975279029241,-0.1411052760145151,0.5480398551161567,0.35432315225496663
603,Uttar Pradesh,Ayodhya,-0.3450011563081403,-0.950804595643891,-0.21189190031361926,-0.681212129249498,-1.028206398618066,-0.664764303044827
604,Uttar Pradesh,Azamgarh,-0.014551069177622434,-0.6438965556011128,-0.16039293676297778,-0.581500094806117,-0.6482725307652587,-0.41912639104024096
605,Uttar Pradesh,Baghpat,-0.9468923864387273,-1.2730580376888079,-0.3663887909655437,-0.47347872415912,-1.4874999372989905,-0.9617104702196054
606,Uttar Pradesh,Bahraich,2.192383441301196,-0.6438965556011128,0.869586334249852,0.48209493925661906,1.473442275349541,0.9526217971080342
607,Uttar Pradesh,Ballia,1.212834968735731,0.5070085945593049,1.3330770062056254,0.4737856030530032,1.835102179826822,1.1864450787587093
608,Uttar Pradesh,Balrampur,0.9059884592573931,0.9673706546234722,0.7871879925688259,0.7895403787903789,1.7021573252017936,1.1004924978887753
609,Uttar Pradesh,Banda,2.0625637642142065,1.0901338706405834,2.084961874044991,1.3545752406362068,3.3387609993073157,2.1586027199605295
610,Uttar Pradesh,Barabanki,0.9886009810400223,-0.07611668152197311,0.24129897893202568,-0.033083905367518755,0.5763962547590438,0.37265636071466857
611,Uttar Pradesh,Bareilly,1.4606725340836197,-0.4904425355797238,0.5811921383662599,0.14972149111201416,0.8847346505461572,0.5720057900246478
612,Uttar Pradesh,Basti,0.280493651474626,0.8599528406084999,0.9931838467713918,-0.6230467758241925,0.9097792930587001,0.5881978545237929
613,Uttar Pradesh,Bhadohi,1.083015291648742,-1.457202861714475,-0.31488982741490223,-0.5565720861952712,-0.5942190557440665,-0.38417930191697897
614,Uttar Pradesh,Bijnor,0.3158990179528963,-1.4111666557080582,-0.7886802920808041,-0.41531337073381447,-1.1764726464900868,-0.760622594788766
615,Uttar Pradesh,Budaun,2.1569780748229257,-0.060771279519834534,1.384575969756267,0.5236416202746946,2.06919386288274,1.337791923851688
616,Uttar Pradesh,Bulandshahr,0.48112406151815523,-0.7359689676139463,-0.31488982741490223,-0.14941461221813093,-0.37461914206191577,-0.24220179257272412
617,Uttar Pradesh,Chandauli,0.7053580492138639,-0.1835344955369459,0.03530312472945973,-0.10786793120005532,0.23166288556294481,0.14977655932659611
618,Uttar Pradesh,Chitrakoot,1.6495011553010588,0.9520252526213335,1.2609784572347271,-0.8806361981362615,1.678760322809855,1.0853656789842057
619,Uttar Pradesh,Deoria,0.38670975090943527,1.212897086657695,1.0137834321916481,-0.9138735429507219,1.0288716724734945,0.6651944212695651
620,Uttar Pradesh,Etah,1.8029244100402277,-0.5518241435882795,0.10740167370035811,0.9557271028626813,1.053126751606443,0.6808760108772378
621,Uttar Pradesh,Etawah,0.622745527431234,-0.7206235656118074,-0.5414852670377247,0.6732096719397667,-0.1089943944612766,-0.07046793597785965
622,Uttar Pradesh,Farrukhabad,1.6849065217793284,-0.6592419576032517,0.1589006372509996,0.9307990942518349,0.9653710589916664,0.6241394919082018
623,Uttar Pradesh,Fatehpur,2.074365553040297,-0.12215288752838994,0.869586334249852,1.013892456287986,1.880695516703816,1.2159224510579467
624,Uttar Pradesh,Firozabad,1.578690422344519,-1.3958212537059194,-0.4075879618060568,0.664900335736152,0.10588169382284995,0.06845548762773072
625,Uttar Pradesh,Gautam Buddha Nagar,-0.9468923864387273,-1.0121862036524467,-0.7886802920808041,-0.24912664666151205,-1.5293155701955499,-0.988745450838497
626,Uttar Pradesh,Ghaziabad,-0.6282440881342991,-0.22957070154336218,-0.6341834014288796,-0.3405293449012785,-0.9381007671696482,-0.6065084826465809
627,Uttar Pradesh,Ghazipur,0.6817544715616837,1.0901338706405834,0.9004857123802366,0.4737856030530032,1.5961842630004437,1.0319779380392267
628,Uttar Pradesh,Gonda,1.4606725340836197,-0.9968408016503079,-0.16039293676297778,-0.32391067249404804,-0.0013305347044657587,-0.000860228040478974
629,Uttar Pradesh,Gorakhpur,-0.4630190445690397,0.72184422258925,0.4266952477143355,0.12479348250116903,0.4349250901977519,0.2811912810994026
630,Uttar Pradesh,Hamirpur,1.7085100994315086,0.30751836853149955,0.6944898581776706,0.2161961807409349,1.486819844566455,0.9612707711747859
631,Uttar Pradesh,Hapur,-0.39220831161250036,-0.014735073513417702,-0.2736906565743892,0.2909802065734715,-0.2482568229529809,-0.16050500571506723
632,Uttar Pradesh,Hardoi,1.2954474905183608,0.5683902025678609,0.3545966987434371,0.8477057322156837,1.4571842849065912,0.9421105498523831
633,Uttar Pradesh,Hathras,0.6581508939095043,-1.0121862036524467,-0.5208856816174682,0.5153322840710789,-0.2833316733828667,-0.18318188122543416
634,Uttar Pradesh,Jalaun,1.3662582234749006,0.13871894650797137,0.6738902727574145,-0.8889455343398761,0.7863481728270187,0.5083961700321027
635,Uttar Pradesh,Jaunpur,0.8233759374747632,-0.5825149475925572,0.07650229556997314,-0.049702577774749235,0.14399239942497555,0.09309512873694185
636,Uttar Pradesh,Jhansi,0.8705830927791228,1.013406860629889,1.0034836394815196,0.36576423240600686,1.6703550348926495,1.0799314243718223
637,Uttar Pradesh,Kannauj,1.1184206581270117,0.4456269865507495,0.4060956622940786,1.138532499342213,1.4591754370878047,0.9433978856380576
638,Uttar Pradesh,Kanpur Dehat,1.2482403352140012,-0.9354591936417521,0.3339971133231802,0.274361534166241,0.46519251819578133,0.30076002304179106
639,Uttar Pradesh,Kanpur Nagar,0.12707039673545714,0.4302815845486104,-0.1809925221832343,0.8643244046229143,0.5038957070180119,0.32578272118644586
640,Uttar Pradesh,Kasganj,1.3662582234749006,0.10802814250369366,0.6120915164966445,1.2382445337855947,1.5812029444542675,1.0222920950067123
641,Uttar Pradesh,Kaushambi,0.7879705709964938,-0.045425877517695404,0.7459888217283122,-0.033083905367518755,0.8017308405189593,0.5183414965550137
642,Uttar Pradesh,Kheri,1.661302944127149,-0.4290609275711681,0.6944898581776706,0.03339078426140199,1.0344678456599985,0.6688125043441738
643,Uttar Pradesh,Kushi Nagar,-0.15617253509070117,0.875298242610639,0.725389236308056,-1.0883696032266394,0.35684361457865216,0.2307094150164789
644,Uttar Pradesh,Lalitpur,1.5432850558662496,0.015955730490860003,0.5399929675257462,-0.8224708447109553,0.7575688323763015,0.48978951846630425
645,Uttar Pradesh,Lucknow,-0.1679743239167913,-1.0889132136631412,-0.4178877545161852,-1.0800602670230244,-1.2937475029194616,-0.8364440818984902
646,Uttar Pradesh,Mahoba,1.0358081363443818,0.9827160566256112,0.39579586958395013,0.3491455599987764,1.3584299774590332,0.8782631176137942
647,Uttar Pradesh,Mahrajganj,0.8233759374747632,0.49166319255716634,0.8077875779890821,-0.44855071554827486,0.9511229444935905,0.6149276858770912
648,Uttar Pradesh,Mainpuri,1.2718439128661805,-0.6132057515968351,0.41639545500420705,0.3740735686096227,0.7226325053792796,0.4672022022442543
649,Uttar Pradesh,Mathura,-0.22698326804724098,-1.1656402236738357,-0.8504790483415736,0.9391084304554508,-0.8189212688052244,-0.529455591054056
650,Uttar Pradesh,Mau,-0.9586941752648174,0.39959078054433267,0.07650229556997314,-0.26574531906874194,-0.33053274913669406,-0.2136987018449434
651,Uttar Pradesh,Meerut,-0.1679743239167913,-1.2884034396909472,-0.6032840232984946,-0.8889455343398761,-1.4272534725735118,-0.9227594393876875
652,Uttar Pradesh,Mirzapur,1.1656278134313713,-0.9354591936417521,-0.20159210760349083,-0.506716068973581,-0.2125992646324502,-0.1374513931941897
653,Uttar Pradesh,Moradabad,0.13887218556154726,0.07733733849941596,-0.26339086386426075,0.14141215490839834,0.0004998080533067236,0.00032313993830340596
654,Uttar Pradesh,Muzaffarnagar,-0.4394154669168599,0.32286377053363813,0.03530312472945973,-0.0413932415711334,-0.051674091852558696,-0.033408751104845556
655,Uttar Pradesh,Pilibhit,0.6345473162573241,0.23079135852080504,1.0137834321916481,-0.714449474063959,0.7529495314663895,0.48680301074367277
656,Uttar Pradesh,Pratapgarh,0.23328649617026642,-1.3190942436952249,-0.19129231489336276,-0.6562841206386529,-0.9036702912854282,-0.5842482133704536
657,Uttar Pradesh,Prayagraj,0.5165294279964248,-0.5364787415861406,0.3133975279029241,-1.2794843359097872,-0.3279333894758491,-0.21201814284859125
658,Uttar Pradesh,Rae Bareli,1.5904922111706092,-0.8587321836310576,-0.07799459508195133,0.87263374082653,0.655384220857388,0.42372429834165354
659,Uttar Pradesh,Rampur,0.8115741486486732,-0.15284369153266764,0.2618985643522826,0.30759887898070076,0.6016969220072691,0.38901395239318826
660,Uttar Pradesh,Saharanpur,-0.5574333551777593,0.5223539965614441,-0.2942902419946457,0.18295883592647394,-0.12390288877899974,-0.0801066961021782
661,Uttar Pradesh,Sambhal,2.1333744971707462,-0.6899327616075297,0.02500333201933165,0.3242175513879313,0.844650137043835,0.5460900266943708
662,Uttar Pradesh,Sant Kabir Nagar,1.0358081363443818,0.061991936497276835,0.47819421126497696,0.4737856030530032,1.0125239364621612,0.6546251509843958
663,Uttar Pradesh,Shahjahanpur,1.2954474905183608,-0.2449161035455013,0.5296931748156185,0.7895403787903789,1.1469896964084167,0.741561039843097
664,Uttar Pradesh,Shamli,-0.5810369328299391,0.875298242610639,-0.21189190031361926,-0.05801191397836388,-0.010205867658183987,-0.006598379965227771
665,Uttar Pradesh,Shrawasti,2.0507619753881166,0.2614821625250827,1.157980530133444,-0.39038536212296876,1.671441811092061,1.0806340556953957
666,Uttar Pradesh,Siddharth Nagar,0.4339169062137957,0.9520252526213335,0.6944898581776706,0.8227777236048386,1.422573590631525,0.91973376432704
667,Uttar Pradesh,Sitapur,1.6849065217793284,-0.060771279519834534,0.8592865415397235,0.041700120465017816,1.328030268993801,0.8586088526356567
668,Uttar Pradesh,Sonbhadra,0.5637365833007844,1.2589332926641117,1.7450687146107573,-0.2408173104578968,1.8510249967193242,1.19673962690418
669,Uttar Pradesh,Sultanpur,-0.014551069177622434,-1.2116764296802525,-0.12949355863259282,-0.2989826638832029,-0.7917973887921075,-0.5119192411373221
670,Uttar Pradesh,Unnao,0.6699526827355944,-0.9968408016503079,-0.02649563153130984,0.8393963960120691,0.1603795715745187,0.103689895592612
671,Uttar Pradesh,Varanasi,0.45752048386597505,0.36889997654005496,0.972584261351135,-0.05801191397836388,0.9703733629448139,0.6273736218508882
672,Uttarakhand,Almora,-0.8878834423082776,-0.2449161035455013,-0.6856823649795211,-0.681212129249498,-1.2385277425175905,-0.8007429565337882
673,Uttarakhand,Bageshwar,-1.171126374134436,-1.6720384897444198,-1.818659563093634,-1.8445191977556152,-3.2211180634160868,-2.082543259145085
674,Uttarakhand,Chamoli,0.06806145260500746,-0.3676793195626127,-0.8195796702111887,-0.033083905367518755,-0.6579615016463327,-0.42539058272746977
675,Uttarakhand,Champawat,-1.017703119395267,-0.950804595643891,-1.4684666109492714,-1.894375214977306,-2.6038477324485556,-1.6834606606440583
676,Uttarakhand,Dehradun,-1.4897746724388645,-1.303748841693086,-1.077074487964396,-0.5316440775844261,-2.2220854376919523,-1.4366406193140722
677,Uttarakhand,Haridwar,-0.28599221217769066,-0.336988515558335,-0.26339086386426075,-0.23250797425428157,-0.5550506908169518,-0.35885585436094913
678,Uttarakhand,Nainital,-1.218333529438796,-0.7052781636096686,-1.519965574499913,-0.506716068973581,-2.060844633050718,-1.3323939123651762
679,Uttarakhand,Pauri Garhwal,-0.4158118892646801,-1.0121862036524467,-1.107973866094781,-0.7227588102675737,-1.6552107211735834,-1.0701402003840335
680,Uttarakhand,Pithoragarh,-0.9350905976126371,-0.950804595643891,-0.9225775973124717,-2.4677194130267495,-2.459329528864191,-1.590025584756404
681,Uttarakhand,Rudra Prayag,-0.9822977529169972,-1.626002283738003,-1.9216574901949168,-1.1216069480411,-2.8821021045052833,-1.863359924019656
682,Uttarakhand,Tehri Garhwal,-0.4984244110473096,-0.8894229876353353,-0.9122778046023436,-0.3488386811048932,-1.3675366216360296,-0.8841508187383298
683,Uttarakhand,Udam Singh Nagar,-0.793469131699558,-0.950804595643891,-0.7783804993706757,-0.42362270693742976,-1.4884453313014345,-0.9623216939836106
684,Uttarakhand,Uttar Kashi,0.06806145260500746,-1.2270218316823913,-0.6238836087187511,0.6399723271253057,-0.6865922163960552,-0.443901143604989
685,West Bengal,Bankura,-0.38040652278641024,1.1361700766470004,0.9519846759308781,0.09986547389032273,0.9859630465621663,0.6374527899814381
686,West Bengal,Birbhum,0.41031332856161545,1.0594430666363057,1.2609784572347271,0.8809430770301447,1.831738548514014,1.18427039668285
687,West Bengal,Coochbehar,-0.5692351440038493,-0.275606907549779,-0.7268815358200341,0.041700120465017816,-0.8360397975132835,-0.5405232004572463
688,West Bengal,Dakshin Dinajpur,-0.19157790156897148,0.6451172125785554,0.06620250285984469,0.5485696288855398,0.4783753159744685,0.3092830719056263
689,West Bengal,Darjeeling,0.09166503025718684,0.30751836853149955,0.21039960080164108,0.18295883592647394,0.3945168283930234,0.25506620540256164
690,West Bengal,Hooghly,-0.5456315663516697,0.2154459565186659,0.39579586958395013,0.16634016351924466,0.1473909108023875,0.09529236175380656
691,West Bengal,Howrah,-0.7108566099169286,0.4149361825464718,-0.2324914857338758,0.14972149111201416,-0.22585347361155755,-0.14602061140392741
692,West Bengal,Jalpaiguri,-0.5456315663516697,-0.045425877517695404,-0.4281875472263137,0.12479348250116903,-0.4979099566330133,-0.32191276551584136
693,West Bengal,Kolkata,-0.4630190445690397,1.6425683427175843,0.34429690603330865,0.5319509564783094,0.992680583186185,0.6417958660000718
694,West Bengal,Malda,0.8233759374747632,0.2154459565186659,0.5914919310763876,0.42392958583131296,1.0330574199219282,0.667900624507572
695,West Bengal,Murshidabad,0.7407634156921333,-0.35233391756047355,0.29279794248266716,0.5153322840710789,0.572371140812806,0.3700540115455299
696,West Bengal,Nadia,-0.8760816534821875,-0.15284369153266764,-0.45908692535669826,-0.19096129323620595,-0.8547561986481307,-0.5526238792437589
697,West Bengal,North 24 Parganas,-0.13256895743852182,-0.8126959776246407,-0.6135838160086228,-0.6645934568422681,-1.0966636003638215,-0.7090238058723527
698,West Bengal,Paschim Bardhaman,0.728961626866044,1.0594430666363057,1.178580115553701,0.7313750253650727,1.8763990847122525,1.2131446871553977
699,West Bengal,Paschim Medinipur,-0.28599221217769066,1.7960223627389735,1.075582188452418,0.008462775650556857,1.3901828978975292,0.8987922721233408
700,West Bengal,Purba Bardhaman,-0.09716359096025148,0.3842453785421941,0.21039960080164108,0.4654762668493886,0.45266409590695916,0.2926600463033913
701,West Bengal,Purba Medinipur,-0.9114870199604574,-0.47509713357758493,0.10740167370035811,0.1331028187047837,-0.5534292906651566,-0.3578075736428817
702,West Bengal,Purulia,0.39851153973552533,1.657913744719723,1.7244691291905003,0.9972737838807568,2.444752525244267,1.5806011426746347
703,West Bengal,South 24 Parganas,0.374907962083346,0.39959078054433267,0.272198357062411,0.3740735686096227,0.6902353152742275,0.44625650930775707
704,West Bengal,Uttar Dinajpur,1.3308528569966303,-0.3983701235668904,0.2515987716421541,0.9391084304554508,0.9798638928050375,0.633509515847013
