district_id,state_name,district_name,z_malnutrition_index_pc1,z_improved_sanitation_pct,z_women_10plus_schooling_pct,z_institutional_deliveries_pct,z_hjg_villages_reported_ratio,cluster,pca1,pca2
1,Andaman And Nicobar Islands,Nicobars,-1.3849511876744791,0.8143112499201524,0.9378026997498058,0.20499105891009198,1.2457375286371022,0,2.043890550620792,-0.26085836828312836
2,Andaman And Nicobar Islands,North And Middle Andaman,-0.05958315882130404,1.0176400801922754,0.053992753104169414,-0.03070071008121719,1.2457375286371022,0,0.9094597368930468,-0.5402179259576313
3,Andaman And Nicobar Islands,South Andamans,-1.7227343096738985,1.2209689104643975,1.2206218826764095,0.5349595354979249,1.2457375286371022,0,2.655266026568064,0.004410513528396813
4,Andhra Pradesh,Ananthapuramu,0.3577190120109382,-0.04107210501774315,-0.6318437654928444,0.5820978892961867,-0.9869282731442947,2,-0.6727483009944193,0.7503189681823211
5,Andhra Pradesh,Chittoor,-0.7226301116903237,0.19030208115398242,0.004499396092013573,0.6009532308154917,1.2419923100706218,0,0.8265402265476041,0.053966133959433914
6,Andhra Pradesh,East Godavari,-0.8632755783515754,0.40765358937590723,0.20954330371380162,0.6009532308154917,-1.1671848563976837,2,0.7071316786567822,0.8030808032394231
7,Andhra Pradesh,Guntur,-0.6470347894223166,0.807299910945252,-0.5399275310416981,0.6009532308154917,-1.1712502885898894,2,0.40188666300553194,0.6061675335328975
8,Andhra Pradesh,Krishna,-0.6917523620316355,0.5058123350245176,0.4216576909087544,0.6009532308154917,-1.2638566479457618,2,0.768384574995477,0.8885969020250674
9,Andhra Pradesh,Kurnool,1.3216810756302946,0.11317735243007424,-0.4833636944563776,0.5726702185365349,-1.4997550868310676,2,-1.1340757770183096,1.0314396133784505
10,Andhra Pradesh,Prakasam,-1.1472731439464967,0.4567329622002129,-0.4055884191515615,0.6009532308154917,-1.1522488120393628,2,0.5558964690284552,0.6178210668049211
11,Andhra Pradesh,Sri Potti Sriramulu Nellore,-0.26406348123438095,0.6951184873468389,-0.10862827707862749,0.5915255600558398,-0.9143213921924899,2,0.40766132466592314,0.6774553205396463
12,Andhra Pradesh,Srikakulam,-0.9339495190264326,-0.020038088093041008,0.16004994670164577,0.6009532308154917,-1.467259850648366,2,0.41588919632863425,0.9354875916106051
13,Andhra Pradesh,Visakhapatnam,0.3496783075621931,0.41466492835080765,0.407516731762424,0.3746891325838343,-1.4169706486407507,2,0.07717391398771391,0.868060817382452
14,Andhra Pradesh,Vizianagaram,0.25990032721038364,-0.7141606466082178,-0.18640355238344358,0.5915255600558398,-1.1701832510298167,2,-0.7947584243583766,0.9973383964555652
15,Andhra Pradesh,West Godavari,-0.7733772598710758,0.6250050975978311,0.4428691296282494,0.6009532308154917,-1.3164887855434388,2,0.885564645465469,0.8834142233704095
16,Andhra Pradesh,Y.S.R.,-0.4129498225277728,0.9475266904432676,-0.0167120426274815,0.5915255600558398,1.2457375286371022,0,1.0817282285343075,-0.026905690102539424
17,Arunachal Pradesh,Anjaw,-1.3122422576206527,1.045685436091878,-0.8086057548219716,-1.152593530479848,1.2457375286371022,1,1.0494614130356925,-1.9069193243222309
18,Arunachal Pradesh,Changlang,-0.5753525536644809,0.7301751822213428,-0.6884076020781652,-1.4731343363080291,1.2457375286371022,1,0.49229534827486265,-2.036288517986822
19,Arunachal Pradesh,Dibang Valley,-0.7034190993402386,1.6206152320337421,0.20954330371380162,-0.8886187492095821,1.2457375286371022,0,1.6313962533406945,-1.4425522018943508
20,Arunachal Pradesh,East Kameng,-0.9812296024852427,0.2604154709029902,-0.5964913676270189,-0.09669440539878403,1.2457375286371022,0,0.6179403751852948,-0.7554223515047872
21,Arunachal Pradesh,East Siang,-1.9003572008213092,0.8423566058197559,1.0862827707862728,0.31812310802592064,1.2457375286371022,0,2.440883148238362,-0.19170626232389712
22,Arunachal Pradesh,Kra Daadi,-1.3113055514048324,1.2209689104643975,-0.9075924688462831,-4.037460782933473,1.2457375286371022,1,0.8428701565472004,-4.562663419725809
23,Arunachal Pradesh,Kurung Kumey,-1.038498692989325,0.44972162322531156,-0.3914474600052311,-1.539128031625596,1.2457375286371022,1,0.747332253127984,-2.0467329795624223
24,Arunachal Pradesh,Lohit,-1.580129209393916,0.8283339278699541,-0.20761499110293916,0.4123998156224443,1.2457375286371022,0,1.5437571012517943,-0.358197516416079
25,Arunachal Pradesh,Longding,-1.7876811339119423,0.8143112499201524,-0.8863810301267877,-3.962039416856254,1.2457375286371022,1,0.8912860193580197,-4.491846550287653
26,Arunachal Pradesh,Lower Dibang Valley,-2.3537823258370114,1.2630369443138028,0.8246750265791642,-0.7849143708534065,1.2457375286371022,0,2.6972611667616397,-1.36182019303778
27,Arunachal Pradesh,Lower Subansiri,-1.6054640795431867,0.7652318770958467,0.6832654351158625,-0.7189206755358397,1.2457375286371022,0,1.916409478377715,-1.1742922187387597
28,Arunachal Pradesh,Namsai,-1.1008793972922717,0.22535877602848634,-1.2752574066508677,-1.9162348620116905,1.2457375286371022,1,0.12818031004819755,-2.564558057823953
29,Arunachal Pradesh,Papum Pare,-1.4366102575668978,0.26742680987789164,0.7256883125548531,0.544387206257578,1.2457375286371022,0,1.6668065269328713,0.06706218855014542
30,Arunachal Pradesh,Siang,-2.4844778767549145,1.3541843509875127,0.7327587921280183,-3.264391780641979,1.2457375286371022,1,2.5548711159528295,-3.653784281520276
31,Arunachal Pradesh,Tawang,-0.995262783609775,0.6881071483719385,-0.07327587921280203,-2.2650586801188286,1.2457375286371022,1,0.9746729899114153,-2.6588568682602203
32,Arunachal Pradesh,Tirap,-0.9675594670125226,1.0386740971169777,-0.002571083481151116,-1.5768387146642047,1.2457375286371022,1,1.2626574878419738,-2.0652177027791194
33,Arunachal Pradesh,Upper Siang,-1.4401259551693513,1.396252384836917,-0.3843769804320664,0.28984009574696384,1.2457375286371022,0,1.6868515623410156,-0.5700956874120097
34,Arunachal Pradesh,Upper Subansiri,-0.7242570486336156,0.6320164365727324,-0.5964913676270189,0.5632425477768817,1.2457375286371022,0,0.7481667174938511,-0.1782715444442861
35,Arunachal Pradesh,West Kameng,-0.7647784852067784,1.192923554564795,0.2378252220064619,0.4123998156224443,1.2457375286371022,0,1.5468259152047605,-0.2080366082935204
36,Arunachal Pradesh,West Siang,-1.478509874283284,1.1087874868659853,0.428728170481919,0.3464061203048775,1.2457375286371022,0,1.9973675148723808,-0.3000780492496576
37,Assam,Baksa,0.65954484673056,-0.20934424041536132,-0.8793105505536226,0.20499105891009198,-1.1279230638868611,2,-1.1355396865006597,0.4571069559903505
38,Assam,Barpeta,-0.2819545201282891,-0.5739338671102021,-0.6035618472001841,-0.7472036878147965,-0.4960138178903739,2,-0.6363575451460537,-0.6031804574382611
40,Assam,Bongaigaon,1.0210528518877307,0.04306396268106642,-0.8227467139683018,0.13899736359252515,-0.9050001650902079,2,-1.1248480528175833,0.3502382110578261
41,Assam,Cachar,0.6662510903959417,-1.00162554457915,-1.0207201420169243,0.3464061203048775,-0.3668759185458996,3,-1.527661822527218,0.4259861302914651
43,Assam,Chirang,0.8910879807654306,0.36558555552650196,-1.218693570065547,-1.1148828474412393,-1.1665264155350972,2,-1.2418870444487864,-0.8523282992313737
44,Assam,Darrang,0.8804348973259326,-0.27945763016436914,-0.9005219892731179,0.33697844954522566,-1.1726938116146581,2,-1.3082345844413905,0.6222326420111148
45,Assam,Dhemaji,0.11929404361060812,-0.07612879989224706,0.2378252220064619,0.5726702185365349,-0.6310331085659628,2,-0.013178165879343149,0.8035367874562162
46,Assam,Dhubri,1.1823531552911664,-0.7071493076333174,-1.4025260389678396,-3.066410694689279,-0.4974472931493306,1,-2.1801829745602883,-2.684158161751411
47,Assam,Dibrugarh,-0.024022354946448117,0.2393814539782881,-0.462152255736882,0.5820978892961867,-0.8428955047838371,2,-0.17569884608520306,0.6587064575447353
48,Assam,Dima Hasao,-0.032680814801717695,0.8353452668448546,0.1529794671284806,-2.5196057906294413,0.574434549265727,1,0.5028702643118771,-2.5317287129055877
49,Assam,Goalpara,0.5989024538417095,0.2393814539782881,-1.1904116517728867,0.24270174194870198,-0.9600120159429416,2,-0.9794542273789416,0.29942295698567817
50,Assam,Golaghat,-0.20601174786267343,0.08513199653047071,-0.8722400709804576,0.49724885245931616,-0.6596628118144819,2,-0.3652817731835437,0.43114745663512616
51,Assam,Hailakandi,0.9045498071915098,-0.8333534091815312,-1.0560725398827497,-0.2758201498321782,-0.24901449053879587,3,-1.615885999164536,-0.1755568853955839
53,Assam,Jorhat,0.3662184208358804,0.5969597416982285,0.18833186499430604,0.5632425477768817,-0.7070194319258918,2,0.19798982163991347,0.7449947836476292
54,Assam,Kamrup,-0.8368409010834448,-0.22336691836516306,-0.07327587921280203,0.43125515714174933,-1.0550348062034425,2,0.17393151560924472,0.6407347289295956
55,Assam,Kamrup Metro,-0.1942195440768604,-0.46876378248669043,0.6267015985305419,0.5632425477768817,0.08713375276764326,2,0.2795307314271621,0.6752447870355122
56,Assam,Karbi Anglong,-0.15903895112078278,0.23237011500338772,-0.7025485612244953,-0.8320527246516684,-0.5599711046603255,2,-0.3102340732214524,-0.7783493331089495
57,Assam,Karimganj,2.1582111695615143,-0.7281833245580195,-1.45908987555316,-1.5202726901062908,0.33558608183180777,3,-2.482591796743158,-1.4357292373530735
58,Assam,Kokrajhar,0.5487856718144556,0.02202994575636428,-0.9005219892731179,-0.03070071008121719,-0.7785120483821687,2,-0.9078980126902101,0.08502775688565659
59,Assam,Lakhimpur,0.4345217439039631,0.1622567252543799,0.13176802840898552,0.525531864738273,-0.33149183299370355,2,-0.059406751757494075,0.6493593362556755
61,Assam,Marigaon,0.006732482779555348,-0.6720926127588135,-1.1126363764680707,-0.3983798697076587,-1.215428721569864,2,-1.2377587426952275,-0.13022245021300988
62,Assam,Nagaon,0.4107725152377212,-0.40566173171258396,-1.2823278862240328,-0.06841139311982586,-0.9694848191759707,2,-1.329351171883776,0.06595489697903766
63,Assam,Nalbari,-0.38318020713167356,-0.26543495221456836,0.09641563054316006,0.3652614618241825,-1.2166204808447434,2,-0.045354935955826764,0.7308959434023838
64,Assam,Sivasagar,-0.26854526374910404,0.7301751822213428,0.48529200706724007,0.544387206257578,0.5295733504304306,0,1.018713854494178,0.3144685921959819
65,Assam,Sonitpur,-0.38247954468702183,0.02202994575636428,-1.1267773356144009,-0.1626881007163495,-0.849164489246359,2,-0.5368784232761508,-0.17723999650641167
67,Assam,Tinsukia,0.23079204471603526,-0.3635936978631787,-1.0348611011632545,0.3464061203048775,-0.2439782329241882,2,-0.8984771254697899,0.24359985032478315
68,Assam,Udalguri,0.5100504135772715,0.13421136935477637,-1.1621297334802263,0.10128668055391649,-1.2094178404687053,2,-1.0329882717279395,0.25915785795074525
70,Bihar,Araria,1.8132667333401,-2.7825056442039484,-1.6570633036017826,-1.23744256731672,0.5189310505794572,3,-3.535998745139849,-1.0412363287586595
71,Bihar,Arwal,2.266954928550389,-1.997235679015061,-0.5187160923222031,-0.38895219894800687,1.1503475658196933,3,-2.5120938546757388,-0.2653673830089307
72,Bihar,Aurangabad,1.801942738408975,-1.737816136943732,-0.23589690939559943,-1.7276814468186432,0.7518069481194404,3,-2.134050467403339,-1.3806631728774355
73,Bihar,Banka,1.8005936876377298,-2.3618253057099015,-1.2469754883582072,-0.20982645451461135,1.2337769919247932,3,-2.8364794438983996,-0.30087111761326374
74,Bihar,Begusarai,0.7031427879196254,-0.6791039517337139,-0.43387033744422177,-0.9546124445271489,0.190827225955512,3,-1.0477201047219797,-0.8314243855807031
75,Bihar,Bhagalpur,1.0789232617252158,-0.7702513584074243,-0.36316554171257087,-0.4455182235059205,0.8301311259065205,3,-1.1107615534301507,-0.49550742459122604
76,Bihar,Bhojpur,1.5007617977405103,-1.8219522046425416,-0.3985179395783963,-0.1626881007163495,0.8925987935991007,3,-1.941829120708903,-0.07094107962346799
77,Bihar,Buxar,1.6169679761153688,-1.3662151712739907,-0.4904341740295428,-0.3323861743900932,0.9338290018386315,3,-1.800206731616743,-0.30657907010464014
78,Bihar,Darbhanga,0.9289566734108178,-1.6256347133453193,-1.2399050087850423,-1.2845809211149817,-0.023608907394809843,3,-2.239798076015302,-1.0877394643681244
79,Bihar,Gaya,1.5846586670201952,-1.9271222892660531,-0.674266642931835,-1.9162348620116905,1.1564010901544897,3,-2.3087958593881557,-1.7767994894461332
80,Bihar,Gopalganj,-0.059664300480590494,-0.8263420702066303,-0.5187160923222031,-0.11554974691808768,1.0860397257180692,3,-0.5171970026586681,-0.4431633843396698
81,Bihar,Jamui,1.0541626117349125,-2.403893339559306,-1.3883850798215092,-1.5297003608659427,1.1706322528687756,3,-2.6490853728360806,-1.5923620378701409
82,Bihar,Jehanabad,1.9660886657988654,-1.8499975605421446,-0.6884076020781652,0.08243133903461149,1.2079797558786363,3,-2.3004801614579877,0.04767820592035302
83,Bihar,Kaimur (Bhabua),1.6435081898526798,-0.8964554599556381,-0.7591123978098161,-0.07783906387947902,1.106795321578219,3,-1.6371804567283366,-0.25236152688170244
84,Bihar,Katihar,1.3659866529982294,-1.9130996113162515,-1.4449489164068299,-0.6812099924972297,1.156115689682864,3,-2.497722649368408,-0.8626505562729805
85,Bihar,Khagaria,0.6728414521639532,-0.48278646043649215,-0.9641563054316036,-1.0206061398447157,1.2457375286371022,3,-1.0247691469050333,-1.3701285628603432
86,Bihar,Kishanganj,0.952964693770307,-1.3662151712739907,-1.7843319359187544,-2.2084926555609132,1.0778017122533696,3,-2.2851818373036616,-2.4221490307393925
87,Bihar,Lakhisarai,1.54891022263829,-1.4223058830731967,-0.7237599999439907,-1.0488891521236725,0.9807474454884016,3,-1.9785578341094172,-1.0226408641910232
88,Bihar,Madhepura,1.173619482898925,-2.6142335088063295,-1.2045526109192168,-0.6717823217375779,1.2457375286371022,3,-2.6472964242163126,-0.7546365162087713
89,Bihar,Madhubani,0.6605956855158331,-2.3618253057099015,-0.9712267850047688,-0.7754867000937534,-0.5168602280789857,3,-2.4137542802179675,-0.344430740969686
90,Bihar,Munger,1.0459519497795666,-0.6370359178843096,0.29438905859178244,-0.13440508843739268,1.1084681093071005,3,-0.5719882796479018,-0.174293958880192
91,Bihar,Muzaffarpur,0.5794518448819059,-1.1698976799767686,-0.45508177616371737,-1.6711154222607283,0.977694597683631,3,-1.1954130005576193,-1.6767608439600916
92,Bihar,Nalanda,1.7822044100183143,-1.3592038322990898,-0.8086057548219716,-0.12497741767774086,1.062436488521029,3,-2.023560850595874,-0.2117950436889504
93,Bihar,Nawada,1.0411012065036935,-1.681725425144526,-0.20761499110293916,-1.0960275059219344,0.8711519913332872,3,-1.5829427376324245,-0.940670992568976
94,Bihar,Pashchim Champaran,0.048029749443676446,-2.004247017989962,-1.3176802840898583,-1.2845809211149817,0.6090621869050074,3,-1.8951893138731883,-1.3576820688719922
95,Bihar,Patna,0.8609803858325601,-0.7632400194325234,0.2378252220064619,0.3935444741031393,0.9247964601901422,3,-0.5603886529697961,0.3423809031885399
96,Bihar,Purbi Champaran,0.723881588699925,-1.653680069244923,-1.4237374776873346,-1.5202726901062908,0.5899238662639733,3,-2.152454692931763,-1.5546382871899251
97,Bihar,Purnia,1.4724326307983528,-2.5441201190573217,-1.4873717938458204,-0.32295850363044004,0.7606763850140106,3,-2.98830314983937,-0.32533294737811863
98,Bihar,Rohtas,1.725069890383346,-0.20233290144046093,0.16712042627481097,-0.5397949311024443,1.048020151161018,3,-0.8163251717700301,-0.5278612344012408
99,Bihar,Saharsa,1.2260623280226313,-2.2005645092871835,-1.3671736411020141,-0.6152162971796642,-0.39926584467561094,3,-2.8206248284815065,-0.278821322834549
100,Bihar,Samastipur,1.083038250142462,-1.618623374370419,-0.9712267850047688,0.14842503435217833,1.0778434230020615,3,-1.846725831960234,-0.055751162548457515
101,Bihar,Saran,1.4292232457466056,-2.4319386954589093,-0.3348836234199106,-1.539128031625596,1.0259081796589558,3,-2.317719180762977,-1.2678205187187528
102,Bihar,Sheikhpura,1.2629082838159846,-1.2400110697257765,-0.8439581526877971,-0.1532604299566977,1.2457375286371022,3,-1.6524659394705459,-0.38221206098105215
103,Bihar,Sheohar,1.5071369458716204,-0.9805915276544478,-1.3601031615288488,-1.5956940561835096,0.31913734838534247,3,-2.2197944727629615,-1.5211776820422673
104,Bihar,Sitamarhi,1.1940862269145567,-1.4854079338473036,-1.4873717938458204,-1.4731343363080291,0.7836365954615355,3,-2.313602094754757,-1.552443299280868
105,Bihar,Siwan,0.10619074862893756,-1.695748103094327,-0.0944873179322976,-0.5963609556603592,0.4480309977088006,3,-1.0384018679787206,-0.4436359904551115
106,Bihar,Supaul,1.2486060200150426,-1.4854079338473036,-1.6994861810407733,-0.5115119188234873,1.140249643974569,3,-2.31258989459202,-0.8349900411435391
107,Bihar,Vaishali,0.8237240765837314,-1.352192493324189,-0.44094081701738697,0.3935444741031393,1.1932987112604603,3,-1.2099010841911535,0.18170813998202723
108,Chhattisgarh,Balod,0.14790920503904423,0.8353452668448546,0.428728170481919,0.5538148770172299,-0.3115243513055387,2,0.6632986723072171,0.608331070436032
109,Chhattisgarh,Balodabazar-Bhatapara,0.5366658423864689,0.49178965707471683,-0.10862827707862749,0.49724885245931616,-0.22191999710248994,2,-0.04087541458362197,0.5024099084961654
110,Chhattisgarh,Balrampur Ramanujganj,0.30708832479641,-1.0226595615038525,-0.5682094493343584,0.544387206257578,-1.2745704432885643,2,-1.2355850659996004,0.9489991292475728
111,Chhattisgarh,Bastar,1.5778410869634976,-0.7632400194325234,-1.0560725398827497,0.3935444741031393,-1.0154381808755706,3,-2.032513574984053,0.7409480693889443
112,Chhattisgarh,Bemetara,-0.09226743222989159,0.6039710806731289,-0.5116456127490379,0.4406828279014012,-0.29126097689875463,2,0.13499268170802803,0.28942526474443264
113,Chhattisgarh,Bijapur,1.731125559350383,-2.894687067802361,-1.133847815187566,-1.23744256731672,-1.083702246543286,3,-3.556469813233626,-0.4186606576696384
114,Chhattisgarh,Bilaspur,0.1680875403396199,0.6039710806731289,-0.20054451152977396,0.45011049866105435,-0.9075052428167111,2,0.05070126112463609,0.5919183304740204
115,Chhattisgarh,Dakshin Bastar Dantewada,1.6585746830206252,-0.7982967143070273,-1.133847815187566,-0.30410316211113503,-0.8009495135732257,3,-2.1634108953874134,0.0402558849610101
116,Chhattisgarh,Dhamtari,-0.14196142185318392,1.2560256053389014,0.04692227353100422,0.5915255600558398,1.1863258379691533,0,1.1340318310706061,-0.003381522573822097
117,Chhattisgarh,Durg,-0.14627679263253224,1.2349915884141993,0.8812388631644853,0.5349595354979249,-0.42291785209714783,0,1.2895150153209498,0.63744340498212
118,Chhattisgarh,Gariyaband,-0.14386887199116855,0.6390277755476328,-0.8793105505536226,0.016437643717044644,-0.39751929329102653,2,-0.07634278151356506,-0.15554899525288332
119,Chhattisgarh,Janjgir-Champa,0.452187436123705,0.4847783180998154,-0.20761499110293916,0.5820978892961867,0.041803974395732656,2,0.0027965646561876854,0.465332391205763
120,Chhattisgarh,Jashpur,-0.08078310378816243,0.06409797960576857,-0.3773065008589013,0.5726702185365349,-1.3069736829497307,2,-0.2840460132816056,0.830996895218635
121,Chhattisgarh,Kabeerdham,-0.21232343632521614,0.5899484027233272,-0.5399275310416981,0.525531864738273,-0.5712870873907785,2,0.134809361351169,0.43419569888211496
122,Chhattisgarh,Kondagaon,1.095147540280921,0.5338576909241212,-1.0984954173217405,0.38411680334348747,-0.8501353181486249,2,-1.0024315515125324,0.43399534271152523
123,Chhattisgarh,Korba,-0.2601003607660497,0.09915467448027247,-0.22175595024926903,0.544387206257578,-1.0307853194038625,2,-0.029244152129629834,0.7279449565975546
124,Chhattisgarh,Korea,-0.190822079073957,0.09915467448027247,-0.22882642982243423,0.3652614618241825,-1.210848427376666,2,-0.12039887085672471,0.6288232841380454
125,Chhattisgarh,Mahasamund,-0.04022000368830761,0.863390622744458,-0.6389142450660096,0.5349595354979249,-0.7077704837992773,2,0.11860414149112138,0.44618825056025896
126,Chhattisgarh,Mungeli,-0.2107626707873312,0.6179937586229307,-0.5682094493343584,0.29926776650661563,-0.4817987935191306,2,0.13098186286621238,0.1916228694550317
127,Chhattisgarh,Narayanpur,1.3670111513338206,-1.3381698153743877,-0.9712267850047688,-1.6428324099817715,-0.9050285430565846,3,-2.360372236123075,-1.0627396552368733
128,Chhattisgarh,Raigarh,-0.102925463397946,-0.39163905376278224,-0.13691019537128826,0.506676523218968,-0.3951107154597248,2,-0.24317511441313328,0.6019095890961189
129,Chhattisgarh,Raipur,0.3977528777129095,0.8493679447946563,-0.009641563054316307,0.5349595354979249,0.9298907628639033,0,0.512579119879904,0.13429496120327125
130,Chhattisgarh,Rajnandgaon,0.19058015034737072,0.512823673999419,-0.0944873179322976,0.468965840180358,-0.24857073480951192,2,0.1655008610288614,0.4431823258726711
131,Chhattisgarh,Sukma,1.2954877789190251,-2.5511314580322226,-1.7206976197602686,0.21441872966974515,-0.8698703474754491,3,-3.2723730685164125,0.5947521815363597
132,Chhattisgarh,Surajpur,-0.3906272774104539,0.24639279295318947,-0.674266642931835,0.42182748638209616,-1.293251665838059,2,-0.1802249447403112,0.5601912534647626
133,Chhattisgarh,Surguja,-0.473115973503296,0.274438148852792,-0.17933307281027838,0.525531864738273,-1.182230403686222,2,0.18620617013634663,0.7175045236210897
134,Chhattisgarh,Uttar Bastar Kanker,0.14957817335486487,0.6039710806731289,0.004499396092013573,0.5726702185365349,-0.858228591208568,2,0.19456717291030773,0.7315746817609297
146,Goa,North Goa,-0.7694513498200625,1.1087874868659853,2.245841420785348,0.5915255600558398,1.2457375286371022,0,2.6306255829967724,0.41936003726902565
147,Goa,South Goa,-0.7462335120959481,1.1438441817404892,2.168066145480532,0.5915255600558398,1.2457375286371022,0,2.5948595916843304,0.3997720185599614
148,Gujarat,Ahmadabad,0.33145829730746085,1.0176400801922754,0.17419090584797617,0.5915255600558398,1.2457375286371022,0,0.8119730077239289,0.0975137297995611
149,Gujarat,Amreli,0.48383332625350883,0.09915467448027247,-0.9217334279926133,0.4406828279014012,1.2457375286371022,3,-0.4288652466650539,-0.1419398149604696
150,Gujarat,Anand,1.6205424298584337,0.716152504271541,-0.5682094493343584,0.5915255600558398,1.2457375286371022,3,-0.49657901205752153,0.12835905422986418
151,Gujarat,Arvalli,2.2235083572984236,-1.0927729512528603,-0.3914474600052311,0.6009532308154917,1.2457375286371022,3,-1.786975286877927,0.4993642943197058
152,Gujarat,Banas Kantha,1.4051502297456202,-1.261045086650479,-1.6004994670164618,0.5820978892961867,1.2457375286371022,3,-2.0996337045779514,0.13198194324208992
153,Gujarat,Bharuch,1.527048362496709,0.40765358937590723,-0.6177028063465142,0.5820978892961867,1.2457375286371022,3,-0.6519735179395697,0.13966404266299687
154,Gujarat,Bhavnagar,1.018058332712326,0.07110931858066995,-0.985367744151099,0.5726702185365349,1.2457375286371022,3,-0.7677966883318499,0.032113089326041885
155,Gujarat,Botad,0.6235740853726762,0.008007267806562517,-1.289398365797198,0.5349595354979249,1.2457375286371022,3,-0.7558282069408988,-0.11026404422298433
156,Gujarat,Chhotaudepur,2.248197814151458,-1.324147137424586,-1.4095965185410044,0.10128668055391649,1.2457375286371022,3,-2.5442243251860077,-0.1481203501751877
157,Gujarat,Dang,2.531344388475817,-0.013026749118139629,-1.381314600248344,-0.2758201498321782,1.2457375286371022,3,-1.9575413267388775,-0.6286362475497261
158,Gujarat,Devbhumi Dwarka,0.5244234296220306,0.10616601345517385,-1.7277680993334334,0.5349595354979249,1.2457375286371022,3,-0.886556745850618,-0.23506630976794315
159,Gujarat,Dohad,2.6554912515082223,-2.5230861021326194,-1.2116230904923817,0.5915255600558398,1.2457375286371022,3,-3.316460254339353,0.5547660757485317
160,Gujarat,Gandhinagar,1.6842317530679978,0.8914359786440605,-0.1651921136639485,0.6009532308154917,1.2457375286371022,3,-0.20578347492502472,0.21173934620344131
161,Gujarat,Gir Somnath,0.4921482745382152,0.16926806422928029,-0.6671961633586698,0.4406828279014012,1.2457375286371022,3,-0.25148073438033847,-0.09297462828266842
162,Gujarat,Jamnagar,0.2285617962756196,1.031662758142076,-0.34902458256624097,0.43125515714174933,1.2457375286371022,0,0.5732642167925437,-0.18033249615524827
163,Gujarat,Junagadh,0.13762130288927815,0.6881071483719385,-0.37023602128573607,0.5820978892961867,1.2457375286371022,0,0.4258089851881996,-0.012529427153855317
164,Gujarat,Kachchh,0.438017716897993,0.9755720463428701,-1.1409182947607308,0.5632425477768817,1.2457375286371022,0,-0.004444100723482145,-0.20685523277282242
165,Gujarat,Kheda,1.545426518607667,-0.6019792230098057,-1.133847815187566,0.6009532308154917,1.2457375286371022,3,-1.534200762062256,0.1810772056541568
166,Gujarat,Mahesana,1.2790826277879377,0.015018606781462898,-0.5399275310416981,0.6009532308154917,1.2457375286371022,3,-0.6967624378170441,0.19806879664772853
167,Gujarat,Mahisagar,1.9481765769314623,-1.9271222892660531,-0.44801129659055217,0.5820978892961867,1.2457375286371022,3,-2.151195296032972,0.5506936654413433
168,Gujarat,Morbi,0.6067589460429944,0.5759257247735254,-0.34195410299307577,0.5349595354979249,1.2457375286371022,0,0.10966087017348317,0.02393479704196886
169,Gujarat,Narmada,2.2455566821374764,-1.2119657138261732,-1.2469754883582072,0.28041242498731067,1.2457375286371022,3,-2.371543516639346,0.03493889815377575
170,Gujarat,Navsari,1.3924103548667228,0.5759257247735254,0.5277148845062307,0.6009532308154917,1.2457375286371022,0,0.15854490614941438,0.3763169532850182
171,Gujarat,Panch Mahals,2.768303873713898,-0.91047813790544,-0.8368876731146322,0.5726702185365349,1.2457375286371022,3,-2.2354500311577152,0.41440981454667897
172,Gujarat,Patan,1.476582586938104,0.08513199653047071,-1.2469754883582072,0.5915255600558398,1.2457375286371022,3,-1.159705755389931,0.044012938457219965
173,Gujarat,Porbandar,-0.32083276977113506,0.9685607073679697,-0.3066017051272503,0.5726702185365349,1.2457375286371022,0,0.8798876403564726,-0.10120575129564394
174,Gujarat,Rajkot,0.6908578248561429,0.9475266904432676,0.16712042627481097,0.5538148770172299,1.2457375286371022,0,0.5628923021208834,0.11532233530439998
175,Gujarat,Sabar Kantha,1.615314309292656,-0.7632400194325234,-0.6459847246391746,0.49724885245931616,1.2457375286371022,3,-1.405426955208018,0.2283885906251189
176,Gujarat,Surat,0.9493150030309264,0.7091411652966406,0.26610714029912214,0.5726702185365349,1.2457375286371022,0,0.33624894173726333,0.21912270209125367
177,Gujarat,Surendranagar,1.4388186169747446,-0.5669225281353018,-1.1974821313460517,0.5538148770172299,1.2457375286371022,3,-1.4936199668066896,0.1062051013228619
178,Gujarat,Tapi,2.3872857005100956,-0.11819683374165135,-0.5469980106148633,0.5632425477768817,1.2457375286371022,3,-1.4014753927260022,0.31596409148317844
179,Gujarat,Vadodara,1.2556508438159109,0.9615493683930684,0.4357986500550842,0.5820978892961867,1.2457375286371022,0,0.4066518522265237,0.26871440585203715
180,Gujarat,Valsad,1.0566942123714296,0.9405153514683662,0.37923481346976373,0.5726702185365349,1.2457375286371022,0,0.47351178612595335,0.22599558729822683
181,Haryana,Ambala,-1.3985171565374503,1.0737307919914814,1.0650713320667773,0.6009532308154917,1.2457375286371022,0,2.3077113984138484,0.08873744845090462
182,Haryana,Bhiwani,-1.0654548482441026,1.249014266364001,0.47822152749407487,0.544387206257578,1.2457375286371022,0,1.89265819832809,-0.07867814855444624
183,Haryana,Charki Dadri,-1.2261872773635571,1.2980936391883067,1.0085074954814568,0.5726702185365349,1.2457375286371022,0,2.3079028560362866,0.04052382729549457
184,Haryana,Faridabad,-1.034866068771253,0.863390622744458,1.0862827707862728,0.06357599751530647,1.2457375286371022,0,1.946567086096024,-0.3191876665311153
185,Haryana,Fatehabad,-0.7160892728333328,1.0807421309663818,0.08934515096999487,0.5632425477768817,1.2457375286371022,0,1.3851760186376936,-0.08382070320894033
186,Haryana,Gurugram,-0.8218761905269221,0.8844246396691602,1.3691019537128766,0.544387206257578,1.2457375286371022,0,2.03877322214181,0.20280450349307882
187,Haryana,Hisar,-0.5499529667374697,1.2069462325145957,0.25903666072595694,0.5538148770172299,1.2457375286371022,0,1.458968859621595,-0.051033856596724346
188,Haryana,Jhajjar,-1.742890646659074,1.3892410458620166,1.5882868204809943,0.5349595354979249,1.2457375286371022,0,2.9684467443442117,0.061993782286325495
189,Haryana,Jind,-0.9734533664772208,1.1648781986651915,0.35802337475026813,0.5161041939786198,1.2457375286371022,0,1.7230684374453455,-0.1086522196858832
190,Haryana,Kaithal,-0.11531361802987623,1.249014266364001,0.4004462521892588,0.5820978892961867,1.2457375286371022,0,1.3212245519542396,0.053813749337427365
191,Haryana,Karnal,-0.6848257743529973,0.8143112499201524,0.46408056834774447,0.5820978892961867,1.2457375286371022,0,1.4223655906667803,0.058501493032415454
192,Haryana,Kurukshetra,-0.7170169871346105,0.7512091991460449,0.577208241518386,0.5820978892961867,1.2457375286371022,0,1.46646193198427,0.08885224583409049
193,Haryana,Mahendragarh,-1.2355412355880329,0.5548917078488232,0.8600274244449897,0.525531864738273,1.2457375286371022,0,1.7943897631831918,0.0653996489810327
194,Haryana,Nuh,0.7303318426516419,-0.013026749118139629,-1.8621072112235704,-1.6805430930203813,1.2457375286371022,3,-1.3399778785965464,-2.227838554440171
195,Haryana,Palwal,-0.7365195467766151,0.5899484027233272,-0.05913492006647215,-1.1808765427588062,1.2457375286371022,1,0.8757841272017984,-1.6299321075986326
196,Haryana,Panchkula,-1.44092196095762,0.7512091991460449,1.4185953107250318,0.544387206257578,1.2457375286371022,0,2.3351088943565697,0.156766383692658
197,Haryana,Panipat,-1.001525412351782,0.5198350129743193,0.8388159857254947,0.487821181699663,1.2457375286371022,0,1.6279971374344262,0.05987990302331662
198,Haryana,Rewari,-0.9807275432625951,1.0176400801922754,1.3054676375543908,0.5820978892961867,1.2457375286371022,0,2.173110111585476,0.1847955703777629
199,Haryana,Rohtak,-0.54619686645097,1.2700482832887032,1.1074942095057678,0.5538148770172299,1.2457375286371022,0,1.9644381127469743,0.13273157942024819
200,Haryana,Sirsa,-0.7634242551084142,0.7021298263217403,0.315600497311278,0.5726702185365349,1.2457375286371022,0,1.3178703867820447,0.022216110190359996
201,Haryana,Sonipat,-1.4429773714630871,1.0386740971169777,1.1711285256642536,0.5820978892961867,1.2457375286371022,0,2.369403678107714,0.0950775432376467
202,Haryana,Yamunanagar,-0.6398212668032465,0.8143112499201524,0.775181669567009,0.506676523218968,1.2457375286371022,0,1.563224342852116,0.06617282512145214
203,Himachal Pradesh,Bilaspur,-0.1497836920754356,0.6250050975978311,1.6943440140784707,-0.02127303932156402,1.2457375286371022,0,1.6427709317844883,-0.11750315608566225
204,Himachal Pradesh,Chamba,-0.3773394579590062,1.0246514191671758,0.7539702308475134,-3.085266036208584,1.2457375286371022,1,1.211829860262257,-3.1844142660965775
205,Himachal Pradesh,Hamirpur,-0.9470930133707843,0.954538029418168,2.535731083285116,0.544387206257578,1.2457375286371022,0,2.797054428633415,0.44185760360672116
206,Himachal Pradesh,Kangra,-0.2933236755045388,0.09915467448027247,2.097361349748881,0.4123998156224443,1.2457375286371022,0,1.6789777660160068,0.4207722465224529
207,Himachal Pradesh,Kinnaur,-0.6245428200125224,0.5759257247735254,1.1216351686520982,-0.8509080661709734,1.2457375286371022,0,1.4892262801736895,-1.0486954198813503
208,Himachal Pradesh,Kullu,0.00854329748303272,0.6530504534974346,1.0014370159082915,-0.08726673463913086,1.2457375286371022,0,1.1801649860178625,-0.3185167198892983
209,Himachal Pradesh,Lahul And Spiti,-0.21195607533648872,-0.7141606466082178,1.1074942095057678,-0.4926565773041824,1.2457375286371022,0,0.5317254949955408,-0.5000014273799818
210,Himachal Pradesh,Mandi,-0.6480475161151487,1.0597081140416797,2.2317004616390173,-0.14383275919704586,1.2457375286371022,0,2.461805972101521,-0.22739459632850262
211,Himachal Pradesh,Shimla,-1.126986699821925,1.0807421309663818,2.0832203906025506,0.3086954372662688,1.2457375286371022,0,2.6992858048128725,0.08695914754236936
212,Himachal Pradesh,Sirmaur,-0.5625985095260908,0.8704019617193585,1.0862827707862728,-0.4266628819866169,1.2457375286371022,0,1.643418613522625,-0.7059214604295722
213,Himachal Pradesh,Solan,-0.38227156853484134,0.6951184873468389,1.5600049021883335,0.27098475422765883,1.2457375286371022,0,1.7646985629537686,0.07841817578347107
214,Himachal Pradesh,Una,-0.8970228420596239,0.6670731314472363,1.8781764829807628,0.223846400429397,1.2457375286371022,0,2.2088207760684275,0.04880153872739693
215,Jammu And Kashmir,Anantnag,0.33952550824337907,0.8984473176189619,0.8883093427376499,0.6009532308154917,-0.6979348761210441,2,0.7816852317949815,0.889929287603336
216,Jammu And Kashmir,Bandipora,-0.8497623894438134,-0.35658235888827833,-0.3066017051272503,0.28041242498731067,-0.9116086840101928,2,-0.012940283369872279,0.42361504643701986
217,Jammu And Kashmir,Baramulla,-0.8022735122263912,0.40765358937590723,-0.3066017051272503,0.5538148770172299,-0.7023906888250022,2,0.46697732368173506,0.506443437046308
218,Jammu And Kashmir,Budgam,-0.18902160737010013,0.3585742165516016,0.5630672823720562,0.6009532308154917,-1.1100920477854037,2,0.5079468113488894,0.954364837990235
219,Jammu And Kashmir,Doda,-0.7336073670569198,-0.06911746091734568,0.46408056834774447,-1.8313858251748187,-0.9984368597514154,1,0.31591083274284826,-1.3104516612791641
220,Jammu And Kashmir,Ganderbal,-0.07737767352774316,0.4567329622002129,-0.4197293782978919,0.525531864738273,1.2457375286371022,0,0.3791099034158985,-0.06930368603318374
221,Jammu And Kashmir,Jammu,-0.701929247703263,0.6530504534974346,2.1609956659073664,0.5632425477768817,-1.2092532416909427,0,1.8316213255091172,1.2095711502185877
222,Jammu And Kashmir,Kathua,-0.3710621858676154,0.24639279295318947,1.7438373710906265,-1.3222916041535917,-1.3269445576899412,2,0.9916909667203077,-0.45731107763526935
223,Jammu And Kashmir,Kishtwar,-0.01863268533935998,-0.8613987650811342,0.5489263232257258,-0.8886187492095821,-1.3235544314025725,2,-0.4742064942990538,-0.14106227059617285
224,Jammu And Kashmir,Kulgam,-0.8663514493911794,0.6039710806731289,0.1529794671284806,0.5349595354979249,-0.8103874643607569,2,0.8507506475082877,0.592161964517422
225,Jammu And Kashmir,Kupwara,0.10480222030818279,-0.29348030811417086,0.3297414564576079,0.35583379106453067,-1.422683754343711,2,-0.243502559451227,0.9027226334664665
226,Jammu And Kashmir,Poonch,-1.1109390631969158,-0.3635936978631787,0.46408056834774447,-0.38895219894800687,-1.3820341098596851,2,0.4125131077197106,0.10805903996201671
227,Jammu And Kashmir,Pulwama,-0.9176239129863256,1.3822297068871152,0.647913037250037,0.468965840180358,-0.6280157924289805,0,1.6340970590540886,0.47437245161521985
228,Jammu And Kashmir,Rajouri,0.40847895323755923,-0.6019792230098057,0.4357986500550842,-0.011845368561912187,-1.392717221910282,2,-0.5607515706170159,0.664344978470471
229,Jammu And Kashmir,Ramban,-0.8560972661067262,-1.6116120353955181,-0.3348836234199106,-0.9640401152868007,-1.1764957666235558,2,-0.912309461122746,-0.45404752391180786
230,Jammu And Kashmir,Reasi,-1.4978967530387515,-0.6440472568592099,0.11762706926265513,-1.6051217269431628,-0.6603609764360393,1,0.2982398358277411,-1.3036040232945665
231,Jammu And Kashmir,Samba,-0.7515517344799192,0.4847783180998154,1.4398067494445275,-0.10612207615843586,-0.5246667110916172,0,1.4271080094534636,0.24498029238380403
232,Jammu And Kashmir,Shopian,0.2278492173857173,1.0246514191671758,1.0580008524936126,0.17670804663113515,-0.5406801878691092,0,1.0031265058596783,0.4646632079695793
233,Jammu And Kashmir,Srinagar,-0.34019110060638175,1.045685436091878,1.4327362698713622,0.6009532308154917,1.2457375286371022,0,1.9033421639180317,0.3049788171773358
234,Jammu And Kashmir,Udhampur,0.38901839639286334,-0.14624218964125488,0.24489570157962706,-0.9546124445271489,-1.2300935708108753,2,-0.44389358637606974,-0.34726849636875123
235,Jharkhand,Bokaro,0.2763007338181333,-0.5248544942858965,0.3368119360307731,0.31812310802592064,-1.2883499814158847,2,-0.4489521533055599,0.8811734515021532
236,Jharkhand,Chatra,0.5992383532964498,-1.6677027471947241,-0.8863810301267877,0.13899736359252515,-1.3322549919981959,3,-1.9967931245113284,0.6526927706363264
237,Jharkhand,Deoghar,0.7288373767873552,-2.1234397805632748,-1.452019395979995,0.33697844954522566,-1.3308130578053003,3,-2.630619815884119,0.7818457286269207
238,Jharkhand,Dhanbad,-0.6302016402553202,-0.3004916470890723,-0.1651921136639485,0.3746891325838343,-1.1460712394868127,2,-0.05906466248157878,0.6329400033089281
239,Jharkhand,Dumka,1.435061894810601,-2.1304511195381757,-1.4944422734189855,0.31812310802592064,-1.0762685258056388,3,-3.0087003186140886,0.7631438543529385
240,Jharkhand,East Singhbum,1.1280533582463201,-0.11819683374165135,0.46408056834774447,0.45953816942070613,-1.4928850380061212,2,-0.6431671185570513,1.1495591202275943
241,Jharkhand,Garhwa,0.9147055618866446,-1.2470224087006772,-0.6530552042123396,0.42182748638209616,-1.2471821330076334,3,-1.7588644513102984,0.9154610548971959
242,Jharkhand,Giridih,0.5083605476665877,-0.8894441209807373,-1.0772839786022452,-0.30410316211113503,-0.638142826081055,3,-1.5118936303332273,-0.12547787981945063
243,Jharkhand,Godda,1.1503884719169846,-1.1909316969014712,-1.45908987555316,0.487821181699663,-1.5384369524589825,3,-2.3526307884171342,0.9044598342002382
244,Jharkhand,Gumla,0.6883786951346696,-1.5274759676967085,-0.4904341740295428,-0.34181384514974505,-1.1180944630871026,3,-1.7485915983579297,0.23233370534012981
245,Jharkhand,Hazaribagh,0.08131506879642111,-1.1418523240771654,-0.009641563054316307,0.5538148770172299,-1.3511372512986493,2,-0.8816980337465151,1.096587486112001
246,Jharkhand,Jamtara,1.344920276141682,-1.3381698153743877,-1.3318212432361884,0.468965840180358,-1.1942008138550175,3,-2.4154898737268486,0.8530732245941918
247,Jharkhand,Khunti,1.4406868605475984,-1.1698976799767686,-0.7732533569561462,0.5820978892961867,-0.9689499123202081,3,-2.0103151692095125,1.000228534312615
248,Jharkhand,Koderma,-0.028020758455636445,-1.254033747675578,-0.5964913676270189,0.5915255600558398,-1.2484009422409246,2,-1.1894558387285796,0.9680183992613077
249,Jharkhand,Latehar,0.723372073489997,-1.4363285610229986,-0.9712267850047688,0.07300366827495965,-0.1037513788486527,3,-1.7610674300937905,0.17478492545697358
250,Jharkhand,Lohardaga,1.2720245520269786,-0.29348030811417086,-0.37023602128573607,0.525531864738273,-0.7513445710959846,2,-1.1479825907552286,0.8313674898245927
251,Jharkhand,Pakur,1.917640058168744,-2.354813966735001,-1.8833186499430654,-0.7377760170551447,-1.5519604695067102,3,-3.804151547303934,-0.0420830969008164
252,Jharkhand,Palamu,0.7307050261240605,-1.7939068487429384,-0.2641788276882597,0.29926776650661563,-1.0440127504744001,3,-1.731933666054475,0.8821520409730704
253,Jharkhand,Ramgarh,0.401837383402707,-0.5388771722356982,0.28731857901861724,0.45953816942070613,-0.9107334928488755,2,-0.4737056380508763,0.8976137395511606
254,Jharkhand,Ranchi,0.86638196742012,0.3725968945014033,0.6549835168232021,0.43125515714174933,-1.3009570242651867,2,-0.07296628298053201,1.0079759101372596
255,Jharkhand,Sahebganj,1.3916172518147791,-2.0112583569648623,-1.529794671284811,0.17670804663113515,-1.50698119655793,3,-3.0254604548217916,0.739580590263624
256,Jharkhand,Saraikela Kharsawan,1.9223394670824312,-0.7702513584074243,-0.2995312255540851,0.17670804663113515,-0.5967490656137153,3,-1.7523172851833464,0.6287223367345918
257,Jharkhand,Simdega,0.9468225216023503,-0.04107210501774315,-0.7449714386634859,0.186135717390787,-0.8878108913854186,2,-1.0818217513562058,0.40763838022723387
258,Jharkhand,West Singhbhum,3.0654672624480512,-2.396882000584405,-1.225764049638712,-0.3983798697076587,-0.7482368348970969,3,-3.9298766902379243,0.30945383845861724
259,Karnataka,Bagalkote,0.9376767403067056,-1.4433398999978995,-0.17933307281027838,0.6009532308154917,-0.4760513002171306,3,-1.466978161648178,0.9744937433169815
260,Karnataka,Ballari,0.6182634278850007,-0.5458885112105996,-0.02378252220064669,0.5820978892961867,-0.12331885682834379,2,-0.6175191909180267,0.7203947053801861
261,Karnataka,Belagavi,0.6573410657557306,-0.29348030811417086,0.5347853640793954,0.5915255600558398,-0.27032694707425187,2,-0.2085199457054532,0.8711097645973008
262,Karnataka,Bengaluru Rural,-0.34416236330862665,1.1859122155898936,1.1357761277984282,0.6009532308154917,-0.5252347127085214,0,1.5001217786125998,0.7691711771103229
263,Karnataka,Bengaluru Urban,-0.262171621041908,1.2980936391883067,2.1115023088952105,0.6009532308154917,-0.9769500836923763,0,1.9788154160977367,1.1251162551987133
264,Karnataka,Bidar,0.6280082945198256,-1.0787502733030585,0.3368119360307731,0.5915255600558398,-0.30695455520593373,2,-0.7653160969366587,0.9421709837160595
265,Karnataka,Chamarajanagara,-0.05242969645095287,0.23237011500338772,0.10348611011632525,0.5820978892961867,-0.054761529434043756,2,0.293414413103953,0.5389111009147296
266,Karnataka,Chikkaballapura,-0.5267020174195131,0.9124699955687637,0.5489263232257258,0.6009532308154917,-0.7623933997482275,2,1.0743948021348881,0.7255268279734483
267,Karnataka,Chikkamagaluru,-0.3679497552124602,1.431309079711421,0.5701377619452208,0.5915255600558398,-1.0818539524662905,2,1.2401343666793574,0.7692176094687062
268,Karnataka,Chitradurga,0.07093003354085942,-0.6160019009596069,0.5701377619452208,0.5915255600558398,-0.822441768680327,2,-0.14882503912139497,1.0237312378637233
269,Karnataka,Dakshina Kannada,-0.18466196730675266,1.7678533505066583,1.595357300054159,0.6009532308154917,-0.7736106459784309,0,1.9591836211697513,0.8898698254558092
270,Karnataka,Davangere,0.41393752035050974,0.8002885719703506,0.48529200706724007,0.5915255600558398,-0.15099694421296542,2,0.5579795446154097,0.6425764211610127
271,Karnataka,Dharwad,0.7993981967832267,0.5198350129743193,0.7893226287133388,0.6009532308154917,1.147716118569558,0,0.5850531267053423,0.4013492700281939
272,Karnataka,Gadag,0.9230416744523646,-1.1698976799767686,0.34388241560393823,0.5820978892961867,1.2188357536343375,3,-0.7027087713459136,0.5089381581389878
273,Karnataka,Hassan,-0.6837073435066378,1.122810164815787,0.7822521491401736,0.5820978892961867,-0.4322853767482621,0,1.4724494911889159,0.6104276566909212
274,Karnataka,Haveri,0.06536654203550597,-0.20934424041536132,-0.0167120426274815,0.5915255600558398,0.3904722312018271,2,-0.014248646431980375,0.4568248659366732
275,Karnataka,Kalaburagi,0.8104197032830047,-2.481018068283215,0.12469754883582032,0.5915255600558398,-1.1054021810671297,3,-1.945834323721958,1.3578633780356937
276,Karnataka,Kodagu,-0.49500487155473266,1.543490503309834,1.3196085967007207,0.5915255600558398,-0.6888239117237404,0,1.8638979603464314,0.78554431290059
277,Karnataka,Kolar,-0.9722130364767027,1.213957571489497,1.0438598933472822,0.5915255600558398,-1.4233024421449518,2,1.6525890506351928,0.9388203853191404
278,Karnataka,Koppal,1.5548871732524405,-0.9174894768803408,-0.4126588987247267,0.5632425477768817,-0.3814178784841355,3,-1.622064994797616,0.8611292523891972
279,Karnataka,Mandya,-1.3544758089966573,1.0386740971169777,0.8670979040181549,0.5915255600558398,-0.8830027762337004,0,1.7647144121544027,0.7081234520489438
280,Karnataka,Mysuru,-0.6079992896167796,1.0176400801922754,0.6620539963963673,0.6009532308154917,-0.31139780637786574,0,1.325870785609113,0.5863720357711031
281,Karnataka,Raichur,1.070635542910971,-1.324147137424586,-0.6035618472001841,0.5726702185365349,-0.552369151479863,3,-1.723850676484033,0.8765005053114033
282,Karnataka,Ramanagara,-1.1137285599631932,1.2420029273890996,1.0085074954814568,0.6009532308154917,-0.6416080431668284,0,1.8714903844185697,0.6749343405791038
283,Karnataka,Shivamogga,0.31471709684757576,0.9475266904432676,0.6267015985305419,0.5915255600558398,-0.9481110389631148,2,0.6325803950092789,0.8902850925733427
284,Karnataka,Tumakuru,-0.19860495949845813,0.9966060632675723,1.3196085967007207,0.5915255600558398,-1.4713239049024964,2,1.2376733492349832,1.140498705688578
285,Karnataka,Udupi,-0.9435085828490444,1.5855585371592382,1.0721418116399424,0.5915255600558398,-1.007559519866816,0,1.943963934681914,0.7682094466662976
286,Karnataka,Uttara Kannada,0.23193869022392702,1.2420029273890996,0.6337720781037071,0.5915255600558398,-0.8793949170340116,2,0.866570215916805,0.8198794770666135
287,Karnataka,Vijayapura,0.6535878866073064,-1.8990769333664501,-0.22175595024926903,0.6009532308154917,-0.6928082172552829,3,-1.6360488911404438,1.060377440923839
288,Karnataka,Yadgir,1.698986189624582,-2.417916017509108,-0.978297264577934,0.5632425477768817,-0.8072664488886897,3,-2.9666447011483874,1.089693492477498
289,Kerala,Alappuzha,-1.8317979918703737,1.9150914689795753,2.7266340317605735,0.5915255600558398,-1.11740514058165,0,3.530797463174041,1.023004014464681
290,Kerala,Ernakulam,-1.5418700800232032,1.9221028079544755,3.0801580104188284,0.6009532308154917,-0.989721619408159,0,3.5929213963360453,1.106214887120684
291,Kerala,Idukki,-1.5053066897890721,1.7958987064062617,2.330687175663329,0.5726702185365349,-1.5550801149105282,0,2.9777985885445557,1.108821978829465
292,Kerala,Kannur,-1.8307535415263183,1.9361254859042774,2.394321491821814,0.6009532308154917,-0.5951979061552563,0,3.4538497497419325,0.7910467514444963
293,Kerala,Kasaragod,-1.5996937788061227,1.894057452054873,1.9842336765782391,0.5915255600558398,-1.5968833633216868,0,2.8894652445983695,1.0354646050459524
294,Kerala,Kollam,-1.7566787266818844,1.7958987064062617,2.853902664077545,0.5915255600558398,-1.2532698489090859,0,3.4653676282779338,1.119655004560554
295,Kerala,Kottayam,-1.9847150015477257,1.87302343513017,3.22156760188213,0.6009532308154917,-1.2845074411284132,0,3.836988958116597,1.1826522359066443
296,Kerala,Kozhikode,-1.8242038120810222,1.9431368248791778,3.1155104082846536,0.6009532308154917,-1.4732911506278263,0,3.694757865046927,1.2273541991308443
297,Kerala,Malappuram,-0.902941656785916,1.9641708418038808,2.0690794314562204,0.5820978892961867,-1.5233673057710284,0,2.600060477020969,1.0986610646745278
298,Kerala,Palakkad,-0.3673160496514067,1.9010687910297734,1.6236392183468198,0.5915255600558398,-1.3471936903793607,0,2.049364297830983,1.0256296011389765
299,Kerala,Pathanamthitta,-1.9558218637348386,1.894057452054873,3.1296513674309843,0.5915255600558398,-1.5531507342146282,0,3.7323449154659594,1.237566969306652
300,Kerala,Thiruvananthapuram,-1.8632458048040894,1.6486605879333458,3.0306646534066726,0.6009532308154917,-1.3549581810273217,0,3.519788845158528,1.20707663977233
301,Kerala,Thrissur,-1.7241877401673236,1.9361254859042774,2.7549159500532343,0.6009532308154917,-1.4640506113609957,0,3.4362838887954,1.1560565343685982
302,Kerala,Wayanad,-1.055796206030824,1.8029100453811622,1.963022237858744,0.5632425477768817,-1.5968833633216868,0,2.517909688225829,1.0840158889508786
303,Ladakh,Kargil,0.22295199078225839,-2.0743604077389697,0.7115473534085227,0.3275507787855725,0.49528561315998193,3,-0.7869334834755184,0.6260622132842425
304,Ladakh,Leh Ladakh,-0.20342410092459573,-2.0673490687640688,0.6761949555426973,0.5349595354979249,1.0974268734044696,3,-0.436190591219786,0.5652512902622625
305,Madhya Pradesh,Agar-Malwa,0.6271363124000023,0.02904128473126466,-1.4803013142726553,0.5820978892961867,-0.9099166477649793,2,-1.239568979579743,0.5576033283705825
306,Madhya Pradesh,Alirajpur,0.19399877364970006,0.8984473176189619,-1.621710905735957,-1.0017507983254108,-0.7636104487957337,2,-0.6824393384757158,-1.124997160989031
307,Madhya Pradesh,Anuppur,-0.672664739334888,-0.1742875455408574,-0.8227467139683018,-0.11554974691808768,0.21798217969256645,2,-0.12168978926427682,-0.40633986685584983
308,Madhya Pradesh,Ashoknagar,-0.05112618663338766,-1.2750677646002802,-1.6004994670164618,0.3935444741031393,-0.9000945837073983,3,-1.6999634651981894,0.4534319473211877
309,Madhya Pradesh,Balaghat,0.8296238438841996,0.5408690298990215,-0.07327587921280203,0.27098475422765883,0.9086318459368612,0,0.029212146937832105,-0.017089590005968294
310,Madhya Pradesh,Barwani,1.1966577391828586,-0.7632400194325234,-1.4803013142726553,-1.1431658597201961,-0.20921340127079863,3,-2.0428199062466534,-1.0424361920796055
311,Madhya Pradesh,Betul,-0.0501189082242184,-0.847376087131333,-0.10862827707862749,-0.11554974691808768,0.7207489855275961,3,-0.3736364502230361,-0.23262311643781192
312,Madhya Pradesh,Bhind,-0.1615897472353983,0.5619030468237246,-0.8015352752488067,0.3746891325838343,-0.0836152607919795,2,0.02041708130671418,0.09684009746394756
313,Madhya Pradesh,Bhopal,-0.3705810771983889,0.5408690298990215,0.5065034457867351,0.525531864738273,-0.011000128860467735,0,0.8774829833137009,0.4840422994537811
314,Madhya Pradesh,Burhanpur,1.6116767230584175,0.14823404730457815,-0.985367744151099,-0.1532604299566977,1.2457375286371022,3,-1.118738769364601,-0.5626357483248837
315,Madhya Pradesh,Chhatarpur,1.0362469805429575,-1.1488636630520663,-1.0984954173217405,0.07300366827495965,-0.857854719172698,3,-1.9767592757643924,0.37932207054088435
316,Madhya Pradesh,Chhindwara,-0.5776830198192677,0.36558555552650196,-0.002571083481151116,0.33697844954522566,0.2048410481780094,2,0.6316173706886213,0.12996467869986475
317,Madhya Pradesh,Damoh,0.46957045932601665,-2.1935531703122826,-1.0914249377485754,0.4029721448627925,-0.1466158284598598,3,-2.104995133782815,0.5325814821787639
318,Madhya Pradesh,Datia,0.1570449111153293,-0.35658235888827833,-0.8793105505536226,0.11071435131356831,0.05974338166091871,2,-0.7322340593887218,-0.03887562940523665
319,Madhya Pradesh,Dewas,0.5432275333561974,-0.16026486759105663,-0.8863810301267877,0.5349595354979249,0.2819536833634557,3,-0.7604068810405559,0.2942252470345407
320,Madhya Pradesh,Dhar,0.587397082660361,-0.7001379686584165,-1.1621297334802263,0.025865314476697817,0.08748996520169056,3,-1.3321521637308251,-0.08845298190088269
321,Madhya Pradesh,Dindori,0.48987434060358087,-1.681725425144526,-1.0207201420169243,-0.011845368561912187,-0.42564758378410106,3,-1.8666140418578843,0.1922813109857309
322,Madhya Pradesh,Guna,-0.45223390920233997,-1.1418523240771654,-1.593428987443297,0.28984009574696384,-0.6470653249027645,2,-1.3572240108723017,0.21519298804581033
323,Madhya Pradesh,Gwalior,0.3529960607775343,0.7932772329954502,-0.1651921136639485,0.42182748638209616,0.6761386353523543,0,0.3625847620358444,0.07799689883083244
324,Madhya Pradesh,Harda,1.277403237367287,-0.21635557939026268,-0.6671961633586698,-0.3135308328707882,0.9405655044506714,3,-1.0367488180995923,-0.5312699131931852
325,Madhya Pradesh,Indore,0.033666000251591874,1.2700482832887032,0.5277148845062307,0.5820978892961867,1.2082111802284052,0,1.3139108617254653,0.1095828037049286
326,Madhya Pradesh,Jabalpur,-0.7299314147305095,-0.7001379686584165,-0.6954780816513303,0.506676523218968,-0.3252404101601374,2,-0.36907020141987534,0.4196787199926118
327,Madhya Pradesh,Jhabua,1.3471804715064652,-1.00162554457915,-1.7136271401871033,0.27098475422765883,1.0158464937290101,3,-2.048233862939962,-0.14623713956042825
328,Madhya Pradesh,Katni,1.6053547881391492,-1.289090442550082,-0.5469980106148633,0.31812310802592064,0.017444550630218034,3,-1.88989868103327,0.5421737040639443
329,Madhya Pradesh,Khandwa (East Nimar),0.9619783955789947,0.33754019962689946,-0.8722400709804576,0.5632425477768817,0.5300278588267101,3,-0.6497285987294541,0.22842716527080664
330,Madhya Pradesh,Khargone (West Nimar),1.0507082968690709,0.13421136935477637,-0.9217334279926133,-0.6246439679393161,0.7171097838166958,3,-0.9152533274684015,-0.8766262046327187
331,Madhya Pradesh,Mandla,0.049696479551428356,-0.9455348327799439,-0.6884076020781652,0.525531864738273,0.25751011698173476,3,-0.8363660063040163,0.3858982513250759
332,Madhya Pradesh,Mandsaur,-0.6420361561752052,-0.45474110453688865,-1.1409182947607308,0.525531864738273,-0.9132552964635888,2,-0.6280645313833898,0.4959092510042594
333,Madhya Pradesh,Morena,0.021569706470567114,-0.6440472568592099,-1.0348611011632545,0.45011049866105435,-0.017649534455692784,2,-0.8942482036314771,0.28000757413842914
334,Madhya Pradesh,Narmadapuram,0.2710499320153245,-0.23738959631496484,-0.3348836234199106,0.47839351094001115,0.547716176278333,2,-0.3035278771720953,0.2625299937669847
335,Madhya Pradesh,Narsimhapur,0.09325316942568795,0.3585742165516016,-0.6247732859196794,0.3935444741031393,0.535082305647405,2,-0.028096674626796863,0.020422574726528944
336,Madhya Pradesh,Neemuch,-0.11691454740956984,-0.20934424041536132,-0.8722400709804576,0.4406828279014012,-0.9347298321087344,2,-0.6413854602144156,0.5169816931732419
337,Madhya Pradesh,Panna,1.2250500233948565,-1.969190323115458,-1.1479887743338961,-0.06841139311982586,-0.7955061969716026,3,-2.5879797888293363,0.3567193319491249
338,Madhya Pradesh,Raisen,-0.26674587156286167,-0.16026486759105663,-0.3985179395783963,0.1295696928328733,0.14162941394924655,2,-0.0975866780912667,-0.017253485259112546
339,Madhya Pradesh,Rajgarh,0.0999472155960519,-1.6887367641194269,-1.3388917228093535,0.3652614618241825,0.43697264100897154,3,-1.6391020228480264,0.1462766370363651
340,Madhya Pradesh,Ratlam,-0.14790844776399412,-0.1742875455408574,-1.1621297334802263,0.4406828279014012,-0.42894284431859997,2,-0.6725243030574891,0.2853668061631066
341,Madhya Pradesh,Rewa,0.47148538377702603,-1.8079295266927398,-1.2116230904923817,0.33697844954522566,-1.0393157536783781,3,-2.1167086113798437,0.670698778164878
342,Madhya Pradesh,Sagar,0.8022409368617505,-0.21635557939026268,-0.5187160923222031,0.11071435131356831,-0.4557426398055616,2,-0.9053137627734144,0.2626152304145008
343,Madhya Pradesh,Satna,0.9080663639568957,-1.1558750020269672,-0.6177028063465142,0.20499105891009198,-1.2314497332974055,3,-1.6986828871898418,0.7090863963289189
344,Madhya Pradesh,Sehore,-0.0744402287838048,0.23237011500338772,-0.8510286322609623,0.27098475422765883,-0.21990228797712716,2,-0.2813392197580295,0.0902326907186013
345,Madhya Pradesh,Seoni,-0.061555014766999386,-1.0997842902277608,-0.5116456127490379,0.42182748638209616,-0.06150596435286315,2,-0.8328631276643939,0.4390227419962601
346,Madhya Pradesh,Shahdol,0.6817559059551093,-0.7351946635329204,-0.674266642931835,0.1672803758714833,0.30749824037094986,3,-1.082147732652684,0.0977194530501708
347,Madhya Pradesh,Shajapur,0.1579057050416469,0.18329074217908206,-1.45908987555316,0.5349595354979249,-0.4588746616422391,2,-0.7976507136003111,0.3008922669688505
348,Madhya Pradesh,Sheopur,0.7917132615424014,-1.674714086169625,-1.7206976197602686,-0.6529269802182729,-0.15865255489015664,3,-2.4275422338803936,-0.593178115676993
349,Madhya Pradesh,Shivpuri,0.5647340905763782,-1.1488636630520663,-1.3459622023825186,0.05414832675565465,-0.9020204786206494,3,-1.8599876757522689,0.2624595841064188
350,Madhya Pradesh,Sidhi,0.3833727830850164,-1.9060882723413506,-0.9288039075657781,-0.28524782059183135,-0.9257475039519044,3,-2.0014605002364245,0.13929967744186597
351,Madhya Pradesh,Singrauli,0.5195665418089424,-1.352192493324189,-0.7308304795171559,-0.04012838084086902,-1.4204448252001067,2,-1.7141647098035517,0.5001850243348113
352,Madhya Pradesh,Tikamgarh,0.0814387264945417,-1.0717389343281576,-1.0207201420169243,0.2332740711890488,-0.1869434009101274,3,-1.2184394161835728,0.20591948604750104
353,Madhya Pradesh,Ujjain,1.1875038777755993,0.06409797960576857,-0.7944647956756415,0.5726702185365349,0.024136762111016872,3,-0.9829681439959178,0.47714842599125235
354,Madhya Pradesh,Umaria,0.6927850478858493,-1.2750677646002802,-0.978297264577934,0.468965840180358,0.1642517442618561,3,-1.5706062765814275,0.4220012447413471
355,Maharashtra,Ahmednagar,0.6782112466193586,0.5338576909241212,0.3863052930429289,0.5915255600558398,-0.9940672503602673,2,0.04687160559828324,0.9514757234476017
356,Maharashtra,Akola,0.7539980728084266,-0.16727620656595701,0.8812388631644853,0.5915255600558398,0.2182841941941663,2,0.09196126052845055,0.7918736614692198
357,Maharashtra,Amravati,0.7227131657704704,0.26742680987789164,1.0438598933472822,0.31812310802592064,0.9969186974140092,0,0.5701862188007514,0.2754256969694467
358,Maharashtra,Beed,0.9294089245501621,-0.3846277147878808,-0.11569875665179268,0.6009532308154917,-0.5801642389853942,2,-0.8302847518292333,0.874625058924773
359,Maharashtra,Bhandara,0.7127555737308255,0.6951184873468389,0.966084618042466,0.5915255600558398,-0.5949151638061867,2,0.5157057544588811,0.9404729905382947
360,Maharashtra,Buldhana,2.0593738924790497,-0.20934424041536132,0.11055658968948993,0.5538148770172299,-0.6856995282493651,3,-1.2583019523374082,1.0298471180629398
361,Maharashtra,Chandrapur,2.0168976137874637,0.37960823347630374,1.2206218826764095,0.5726702185365349,-0.5397773785175974,2,-0.24777203871647063,1.1664577794572777
362,Maharashtra,Chhatrapati Sambhajinagar,0.911777659093899,-0.19532156246556054,0.577208241518386,0.6009532308154917,0.11701759081229395,2,-0.19894762319886594,0.7862397934359804
363,Maharashtra,Dharashiv,0.16774120521394698,-0.04808344399264353,0.08934515096999487,0.5820978892961867,0.5093482725029314,2,0.10191535549141044,0.42560922702191933
364,Maharashtra,Dhule,1.9286826883267585,-0.91047813790544,0.03985179395783903,0.5820978892961867,0.8978346732033399,3,-1.341600571360443,0.6271096928815232
365,Maharashtra,Gadchiroli,1.094614732448351,-0.6650812737839126,0.1459089875553154,0.12014202207322149,0.6193973321038099,3,-0.7645714090536496,0.18435267730474317
366,Maharashtra,Gondia,0.8744536208608685,0.16926806422928029,0.9802255771887964,0.5915255600558398,-1.0473317984781005,2,0.04497400201304599,1.1765611973629717
367,Maharashtra,Hingoli,1.0101195690770475,-0.20233290144046093,-0.4975046536027075,0.5538148770172299,-0.1409068089037704,3,-0.9055429222365873,0.5936586132357686
368,Maharashtra,Jalgaon,1.3857856129936392,-0.8543874261062334,0.03985179395783903,0.6009532308154917,0.33961627592125415,3,-1.1051450175063824,0.743906757601501
369,Maharashtra,Jalna,0.7735571729985699,-0.580945206085103,-0.4197293782978919,0.5915255600558398,1.2278030119685925,3,-0.6978994721354573,0.24260762195531094
370,Maharashtra,Kolhapur,0.23700217805157806,0.7091411652966406,0.9590141384693008,0.6009532308154917,0.7087184684433763,0,1.0240991389308578,0.4816770062830594
371,Maharashtra,Latur,0.3687472433690732,0.04306396268106642,0.03278131438467434,0.6009532308154917,1.0759827522443406,0,0.11581236278647224,0.265511300244742
373,Maharashtra,Nagpur,0.7956689567846839,1.192923554564795,1.9347403195660833,0.6009532308154917,0.6240312466013196,0,1.5189814328570956,0.7304556183724683
374,Maharashtra,Nanded,0.558480981915175,-0.2724462911894687,-0.610632326773349,0.6009532308154917,-0.7661631026579311,2,-0.8660359143073475,0.7598059547351308
375,Maharashtra,Nandurbar,2.4448422274434387,-1.2470224087006772,-0.7308304795171559,-0.7943420416130583,-1.3144434670052687,3,-2.77701994620978,0.005558515901351056
376,Maharashtra,Nashik,1.3832217287840012,-0.2514122742647666,0.16712042627481097,0.468965840180358,-0.5392677410387464,2,-0.8538896493119018,0.8435794673081114
377,Maharashtra,Palghar,0.6359093361295275,0.22535877602848634,0.5701377619452208,0.5349595354979249,-1.2933331902092908,2,-0.06625246719787191,1.0723284190854359
378,Maharashtra,Parbhani,1.053224237109792,-0.8263420702066303,-0.8086057548219716,0.6009532308154917,-0.6700166724890634,3,-1.5573279835144267,0.8216846540522869
379,Maharashtra,Pune,0.4841910102876815,0.5408690298990215,1.482229626883518,0.6009532308154917,-0.9176318899567387,2,0.7824426080331386,1.1595517267329225
380,Maharashtra,Raigad,0.3164710887684909,0.2043247591037842,0.3368119360307731,0.525531864738273,0.20033651208613762,2,0.24165168445205346,0.5100417317874129
381,Maharashtra,Ratnagiri,0.25035126460382573,0.9615493683930684,0.0681337122504998,0.5915255600558398,-0.5072737906543021,2,0.44695389216622533,0.6169078672224969
382,Maharashtra,Sangli,-0.10934172442590219,0.8984473176189619,1.0155779750546219,0.6009532308154917,-0.7198212699349529,2,1.0994636646669345,0.8707468231549664
383,Maharashtra,Satara,-0.40039225361866126,0.47776697912491506,0.5701377619452208,0.6009532308154917,-0.3469134418289012,2,0.8382850551244962,0.6762460774443912
384,Maharashtra,Sindhudurg,0.21538555239019017,1.122810164815787,0.647913037250037,0.5915255600558398,-0.7133660590642253,2,0.8445676012754227,0.7857857086716705
385,Maharashtra,Solapur,0.5666581047371123,-0.2864689691392705,-0.2995312255540851,0.6009532308154917,1.2154968808503066,3,-0.34559733486694094,0.21639254269824854
386,Maharashtra,Thane,0.3242500248383991,0.1973134201288838,1.1074942095057678,0.525531864738273,-0.8601737769101169,2,0.4679985274096289,1.0164000974798193
387,Maharashtra,Wardha,0.4296358374733966,0.5829370637484268,1.1499170869447586,0.5820978892961867,0.770890629639441,0,0.9585352080096651,0.5293485143304124
388,Maharashtra,Washim,1.1871547152232331,-0.7281833245580195,0.12469754883582032,0.5820978892961867,-0.2842613632113047,3,-0.9886884912302222,0.898605695915916
389,Maharashtra,Yavatmal,1.1402741483226015,-0.3846277147878808,-0.0944873179322976,0.6009532308154917,-0.8198897265593346,2,-0.9800984883559943,0.9797725734656221
390,Manipur,Bishnupur,-2.4085190089171165,-1.352192493324189,0.5984196802378816,0.14842503435217833,-1.537662094739212,2,0.6569376613391869,0.6505678939553141
391,Manipur,Chandel,-1.5831237761074106,0.9335040124934658,0.21661378328696632,-3.962039416856254,-1.1999891255764974,1,1.0133538123673567,-3.472525631744318
392,Manipur,Churachandpur,-1.9566037278510697,0.6530504534974346,-0.2571083481150945,-0.36066918666905,-0.4902141611087231,2,1.2413512554248491,-0.5502053649154356
393,Manipur,Imphal East,-1.8399964638831403,-0.8684101040560351,0.6832654351158625,0.49724885245931616,-1.1106455791708414,2,0.7755801847927212,0.855216715280251
394,Manipur,Imphal West,-2.4113159101072537,-0.9245008158552412,1.5317229838956734,0.506676523218968,-1.3453239923518823,2,1.4916052145406435,1.0667471779872204
395,Manipur,Senapati,-1.6582283473928254,0.8774133006942598,-0.04499396092014176,-5.178208944851409,-1.3878671212658933,1,0.7367019303612515,-4.574718512637591
396,Manipur,Tamenglong,-1.7047067837479555,0.421676267325709,-0.5045751331758727,-2.7741529011400554,-1.318195040580629,1,0.46618032070378923,-2.468914632823041
397,Manipur,Thoubal,-1.7252672744308162,-0.7422060025078213,0.03278131438467434,-0.643499309458621,-1.1704902295278683,2,0.3128263848008738,-0.3085077438117089
398,Manipur,Ukhrul,-1.7939917316973715,0.6670731314472363,0.6691244759695325,-2.5101781198697894,-1.2119451175356009,1,1.352704616119726,-2.042295399036009
399,Meghalaya,East Garo Hills,-0.6344596399831984,0.8423566058197559,0.018640355238343956,-5.121642920293495,-0.025214726450260617,1,0.4317228283216207,-4.803450972013197
400,Meghalaya,East Jaintia Hills,-0.5249208925710311,0.8213225888950527,-1.218693570065547,-4.829385126744272,-0.2733350115101872,1,-0.3479861668542286,-4.725603575378853
401,Meghalaya,East Khasi Hills,-0.7549497157984179,0.6320164365727324,0.2307547424332967,-1.4731343363080291,-0.17557291734229225,1,0.7872314896887215,-1.3943753609690814
402,Meghalaya,North Garo Hills,-1.577035678476538,0.9124699955687637,-0.12983971579812306,-4.226014198126521,0.18475930839896285,1,1.0342065386932582,-4.217011965054185
403,Meghalaya,Ri Bhoi,-0.131887810247846,0.9405153514683662,-1.2116230904923817,-4.160020502808954,0.8054003853044155,1,-0.23966923713001836,-4.422716350759412
404,Meghalaya,South Garo Hills,-1.198758008630922,1.157866859690291,-0.12983971579812306,-5.781579873469161,-0.4415935890496655,1,0.7148729671340184,-5.416662928910301
405,Meghalaya,South West Garo Hills,-0.7650650665889834,-0.03406076604284177,-0.5116456127490379,-1.5297003608659427,0.09659291273886833,1,0.03807146666261452,-1.6078269692910179
406,Meghalaya,South West Khasi Hills,0.0897134427272068,1.2420029273890996,-1.1904116517728867,-6.196397386893865,0.3977692625612602,1,-0.4293421442630533,-6.147371605220326
407,Meghalaya,West Garo Hills,-0.8526907583710677,1.010628741217374,0.34388241560393823,-3.3775238297578074,-0.7134362853820266,1,0.8599707799548283,-2.987911441532196
408,Meghalaya,West Jaintia Hills,-0.15875624479720227,0.22535877602848634,-1.0984954173217405,-3.2172534268437167,0.1371153807731745,1,-0.6166287508603624,-3.2412923157104423
409,Meghalaya,West Khasi Hills,0.2885412381105118,1.1157988258408857,-1.6853452218944431,-4.310863234963391,0.3353240232056672,1,-0.7346076983475709,-4.492843211594057
410,Mizoram,Aizawl,-2.1258421349023124,1.6977399607576504,1.4468772290176926,0.5726702185365349,1.2457375286371022,0,3.2869341033735564,-0.025085598344755954
411,Mizoram,Champhai,-1.8048449504365174,1.8519894182054677,0.5347853640793954,0.28984009574696384,1.2457375286371022,0,2.666048636259571,-0.4693301171549558
412,Mizoram,Kolasib,-1.4134846947632236,1.7468193335819562,0.10348611011632525,0.04472065599600148,1.2457375286371022,0,2.125068283566625,-0.7263911535752116
413,Mizoram,Lawngtlai,-0.8863151349023742,1.2910823002134053,-0.5682094493343584,-3.3869515005174593,1.2457375286371022,1,0.8912877216769413,-3.855255214358092
414,Mizoram,Lunglei,-1.8784794074017652,1.6626832658831465,0.428728170481919,-1.152593530479848,1.2457375286371022,0,2.4117611587007266,-1.7809436509954975
415,Mizoram,Mamit,-1.8736427227974368,1.4593544356110244,-0.0167120426274815,-2.642165510504923,1.2457375286371022,1,1.9129317302635347,-3.2004809095038795
416,Mizoram,Serchhip,-1.6547646970154681,1.8449780792305674,0.20247282414063641,0.3935444741031393,1.2457375286371022,0,2.4026770178676355,-0.4314411269618664
417,Mizoram,Siaha,-1.0460586421750586,1.375218367912215,0.704476873835358,-1.0583168228833244,1.2457375286371022,0,1.940173498840509,-1.4921124493149565
418,Nagaland,Dimapur,-0.23951509484912104,0.6460391145225333,0.8670979040181549,0.08243133903461149,0.17975469415255638,0,1.0612713015851634,0.10701813434072008
419,Nagaland,Kiphire,-0.6539779823836078,0.7862658940205488,-1.289398365797198,-1.8125304836555138,1.2457375286371022,1,0.2055953833538252,-2.496576911880099
420,Nagaland,Kohima,-0.6856148311173248,1.0877534699412832,2.168066145480532,0.13899736359252515,-0.06277050099472133,0,2.2505775905312864,0.4128167709657451
421,Nagaland,Longleng,-0.6231412153797812,1.031662758142076,-1.1621297334802263,-1.8502411666941236,0.6075981447279862,1,0.2822824744420681,-2.333282757116788
422,Nagaland,Mokokchung,-1.3306829116367571,1.7398079946070557,1.1004237299326027,-0.8603357369306253,0.489443896831553,0,2.4109591586499812,-1.0729745486553701
423,Nagaland,Mon,-1.266652134587586,1.0176400801922754,-1.1267773356144009,-3.443517525075374,0.5504201881579739,1,0.5036059073058923,-3.825219082625701
424,Nagaland,Peren,-1.0837207047054787,1.2279802494392988,-0.3348836234199106,-1.501417348586986,0.23442048053637937,1,1.07594353740051,-1.7976756414469992
425,Nagaland,Phek,-1.4940612613849464,1.2770596222636035,-0.05913492006647215,-3.6792092940666827,0.759162781364877,1,1.3915166197992868,-3.9252314114484372
426,Nagaland,Tuensang,0.029317951421520976,1.4102750627867187,-0.9358743871389433,-2.1613543017626515,-0.038026745150738055,1,0.11824988505992602,-2.334999022639412
427,Nagaland,Wokha,-0.5335492947795099,1.1648781986651915,0.35802337475026813,-0.9357571030078439,0.8039788765083716,0,1.2692258735183104,-1.2306680247742783
428,Nagaland,Zunheboto,0.7298223458891294,1.192923554564795,-0.002571083481151116,-1.7276814468186432,0.6955528398708849,1,0.2893969708232346,-1.8444504375575475
429,Odisha,Anugul,0.35130100283134663,-0.3846277147878808,-0.462152255736882,0.3935444741031393,-0.3325055638243333,2,-0.6722614445589441,0.46098444816454426
430,Odisha,Balangir,0.8204185002756468,-0.39163905376278224,-0.6247732859196794,0.45011049866105435,-1.1519088773671287,2,-1.1731565250971583,0.7885956283268074
431,Odisha,Baleshwar,-1.2785023570765601,-0.06911746091734568,-0.13691019537128826,0.43125515714174933,-0.17778852209050647,2,0.6350107686828946,0.27818217216879165
432,Odisha,Bargarh,-0.019304864332487445,-0.7001379686584165,-0.20054451152977396,0.525531864738273,-0.5967468923677831,2,-0.539710096292737,0.7199702604277315
433,Odisha,Bhadrak,-0.1462913980021347,-0.6931266296835156,-0.22882642982243423,0.5349595354979249,0.5280461153207743,2,-0.2748272932536152,0.35557164204935926
434,Odisha,Boudh,0.3604916283420037,-1.3311584763994868,-0.7308304795171559,0.28984009574696384,0.37128105694036256,3,-1.258027864827332,0.2187024997441899
435,Odisha,Cuttack,-1.1742807290354706,-0.8193307312317295,0.04692227353100422,0.5632425477768817,-0.22770296606214063,2,0.24493597560751318,0.5706347132958335
436,Odisha,Deogarh,0.3270461341658128,-0.1392308506663535,-0.6318437654928444,0.3086954372662688,-0.1876520429455166,2,-0.5912465523152195,0.2640364661050493
437,Odisha,Dhenkanal,0.1234372282335958,-0.959557510729745,-0.4904341740295428,0.45011049866105435,-0.617040555866195,2,-0.9416255756728321,0.645587792224524
438,Odisha,Gajapati,0.405982091662843,-0.9525461717548447,-1.2540459679313725,-0.8980464199692352,-1.091263120634339,3,-1.7239476669776628,-0.5654875797258084
439,Odisha,Ganjam,-1.290457976841207,0.07110931858066995,-0.5399275310416981,0.47839351094001115,-0.5401045640126731,2,0.43780387540318577,0.3216324632655867
440,Odisha,Jagatsinghapur,-2.0493851109668957,-0.8263420702066303,0.4499396092014146,0.5726702185365349,-0.8657228371129958,2,0.8388756705062353,0.7630650519069918
441,Odisha,Jajapur,-0.7305569795524933,-1.7167821200190299,-0.1581216340907833,0.4406828279014012,-0.5372618927257954,2,-0.7060898754541624,0.6873631647319078
442,Odisha,Jharsuguda,-0.43550603099465485,-0.1322195116914531,0.04692227353100422,0.5726702185365349,-0.34711038496049507,2,0.21030416544778247,0.6119700756674947
443,Odisha,Kalahandi,0.13984000644985045,-0.5248544942858965,-0.9712267850047688,-0.1626881007163495,-0.8260031214345575,2,-1.0566016985229554,-0.010249883985608374
444,Odisha,Kandhamal,0.25331289859766454,-1.3662151712739907,-0.8580991118341272,0.45011049866105435,-0.9867063852277049,2,-1.5220758328542765,0.7492437879607093
445,Odisha,Kendrapara,-1.2634029889308591,-1.0226595615038525,0.16004994670164577,0.5726702185365349,-0.5771816341065766,2,0.1765828590433918,0.7306216515861071
446,Odisha,Kendujhar,0.6274963381848325,-1.702759442069228,-0.7591123978098161,0.38411680334348747,0.293045010224814,3,-1.6451726976363568,0.40564306483999457
447,Odisha,Khordha,-1.5903921699012555,0.09214333550537208,0.20954330371380162,0.5349595354979249,-0.7786809107400768,2,0.9953387066784478,0.5771300877810539
448,Odisha,Koraput,0.4662181847020909,-2.2776892380110922,-1.6004994670164618,0.35583379106453067,-1.0911960678048074,3,-2.6105515235352836,0.6798928207193344
449,Odisha,Malkangiri,1.1954472166706431,-2.1374624585130766,-1.8550367316504053,-0.20982645451461135,-1.246881861635112,3,-3.1561931764772715,0.2288357359757057
450,Odisha,Mayurbhanj,1.381040583648459,-1.225988391775975,-1.07021349902908,0.487821181699663,-0.7276394102220299,3,-2.1387396459943293,0.7730948460035222
451,Odisha,Nabarangpur,1.5054262012248085,-1.9481563061907554,-1.7489795380529287,-0.1909711129953077,-0.45318560094294585,3,-3.0146203106606313,0.03466608559379042
452,Odisha,Nayagarh,-1.4980779107560755,-0.3355483419635762,-0.9288039075657781,0.47839351094001115,-1.2148411675960211,2,-0.021098746620683655,0.4742361628884848
453,Odisha,Nuapada,0.835947316728226,-0.9455348327799439,-0.9146629484194481,-0.09669440539878403,1.2323289395240888,3,-1.2790571911009831,-0.4355076607586219
454,Odisha,Puri,-2.2555624855542207,-0.3215256640137744,-0.15105115451761814,0.5632425477768817,-0.6701746680160263,2,0.9490144500989491,0.4630649981145831
455,Odisha,Rayagada,0.7672552945640796,-1.4994306117971055,-1.4944422734189855,-0.6906376632568829,-1.1121968517895429,3,-2.363138559146932,-0.3064275447251349
456,Odisha,Sambalpur,0.8410026028488257,-0.6650812737839126,-0.2641788276882597,0.5915255600558398,-1.1522683007332608,2,-1.1312315928355576,1.0383453744255113
457,Odisha,Sonepur,0.5653619390125512,-0.3635936978631787,-0.1722625932371137,0.5161041939786198,-0.8285143222225231,2,-0.698393993072358,0.8150400902672245
458,Odisha,Sundargarh,0.5457803586805904,-0.4477297655619883,-0.3278131438467454,0.506676523218968,-0.7834980872763699,2,-0.8153321486255233,0.7664902528286229
459,Puducherry,Karaikal,-0.8639111012622621,0.8704019617193585,1.3266790762738858,0.6009532308154917,1.2457375286371022,0,2.035554169017501,0.2411668377922505
461,Puducherry,Pondicherry,-1.6069601207965583,0.8914359786440605,1.9064584012734236,0.6009532308154917,1.2457375286371022,0,2.785266022367475,0.278762725905728
463,Punjab,Amritsar,-1.4246887175137068,0.9895947242926719,1.164058046091089,0.487821181699663,1.2457375286371022,0,2.318435469227087,0.017189915933766713
464,Punjab,Barnala,-1.0750932131996518,1.3191276561130088,0.9095207814571455,0.544387206257578,1.2457375286371022,0,2.1781858016423667,0.008093161869887714
465,Punjab,Bathinda,-0.697363733409814,1.157866859690291,0.06106323267733461,0.3086954372662688,1.2457375286371022,0,1.3815260900400368,-0.3287818054896443
466,Punjab,Faridkot,-0.740460345844328,1.0947648089161837,0.4428691296282494,0.3746891325838343,1.2457375286371022,0,1.586622862749056,-0.17927495829431042
467,Punjab,Fatehgarh Sahib,-1.237861488294017,1.101776147891084,1.5600049021883335,0.3275507787855725,1.2457375286371022,0,2.4848314511872873,-0.030807539220979306
468,Punjab,Fazilka,-0.6411960300889361,0.6951184873468389,0.07520419182366449,0.3086954372662688,1.2457375286371022,0,1.0888388003138838,-0.2550593776483544
469,Punjab,Ferozepur,-0.5502734035811644,0.9054586565938623,0.5135739253599003,0.19556338815044016,1.2457375286371022,0,1.3936537197491938,-0.2760329216654371
470,Punjab,Gurdaspur,-1.2375422945904484,0.9475266904432676,1.7226259323711306,0.49724885245931616,1.2457375286371022,0,2.50008639280576,0.1807421802196027
471,Punjab,Hoshiarpur,-1.4844808461771186,1.249014266364001,2.330687175663329,0.5726702185365349,1.2457375286371022,0,3.1576473159066722,0.314929357272761
472,Punjab,Jalandhar,-1.172623996939656,1.1438441817404892,1.708484973224801,0.5538148770172299,1.2457375286371022,0,2.5750488323289504,0.2096204521712704
473,Punjab,Kapurthala,-0.9691169796660246,1.1087874868659853,1.4185953107250318,0.525531864738273,1.2457375286371022,0,2.277442055295001,0.14810740090999747
474,Punjab,Ludhiana,-1.4722814500522845,0.8914359786440605,1.5105115451761784,0.3464061203048775,1.2457375286371022,0,2.4678463507396646,-0.024628266157523025
475,Punjab,Mansa,-0.2134028632808834,0.9475266904432676,-0.19347403195660878,0.525531864738273,1.2457375286371022,0,0.8661992746433921,-0.10223591858537326
476,Punjab,Moga,-1.1669385243974628,1.1157988258408857,0.35095289517710343,0.45953816942070613,1.2457375286371022,0,1.7938900197113339,-0.17828157445801185
477,Punjab,Pathankot,-1.531335622103597,0.512823673999419,2.3872510122486497,0.525531864738273,1.2457375286371022,0,2.7829868428798528,0.38066016101724215
478,Punjab,Patiala,-1.1896772467686516,1.1368328427655878,1.1145646890789331,0.5915255600558398,1.2457375286371022,0,2.254208676718874,0.10822040950155684
479,Punjab,Rupnagar,-1.72512891040946,0.8493679447946563,1.6802030549321403,0.5726702185365349,1.2457375286371022,0,2.6988662446372613,0.19334716221436105
480,Punjab,S.A.S Nagar,-0.9635125217452497,1.101776147891084,1.574145861334664,0.3935444741031393,1.2457375286371022,0,2.3449776616311087,0.06557235863521135
481,Punjab,Sangrur,-1.21198520307437,1.4383204186863223,1.0014370159082915,0.5915255600558398,1.2457375286371022,0,2.3792360206900467,0.03841924347048607
482,Punjab,Shahid Bhagat Singh Nagar,-1.6829640633775216,1.3611956899624131,1.779189768956452,0.5915255600558398,1.2457375286371022,0,3.0295184023895327,0.16752852571206117
483,Punjab,Sri Muktsar Sahib,-0.07258353348342746,0.7722432160707481,-0.03085300177381188,0.525531864738273,1.2457375286371022,0,0.7757295364334853,-0.024132517515142747
484,Punjab,Tarn Taran,-1.227149931745844,0.7091411652966406,0.011569875665178765,0.3652614618241825,1.2457375286371022,0,1.3944656037136374,-0.29175040481123476
485,Rajasthan,Ajmer,-0.38732384121865715,0.3936309114261055,-0.002571083481151116,0.5349595354979249,-0.831260333028919,2,0.37030038054263326,0.6508733005608408
486,Rajasthan,Alwar,-0.413381490913867,-0.4126730706874844,-0.36316554171257087,0.186135717390787,-0.28689008053477605,2,-0.21571256865849045,0.19210204117394583
487,Rajasthan,Banswara,1.0654790424068679,-2.1795304923624816,-0.829817193541467,0.5161041939786198,-1.3116705647973936,3,-2.4870779232749047,1.1275082441271642
488,Rajasthan,Baran,1.0065080638182509,-0.903466798930539,-1.1197068560412358,0.5538148770172299,-1.318603001528832,3,-1.8708266051154776,0.9154154775292414
489,Rajasthan,Barmer,-0.021848568191519608,0.8213225888950527,-1.0348611011632545,0.20499105891009198,-1.5222029933261234,2,-0.3129916585251103,0.31963912010390266
490,Rajasthan,Bharatpur,0.13464424604945321,-0.6440472568592099,-0.7025485612244953,0.33697844954522566,-0.5601184491457358,2,-0.88169799150312,0.4355071327215602
491,Rajasthan,Bhilwara,-0.7759349459697794,-0.6720926127588135,-1.0560725398827497,0.5820978892961867,0.6342813184674773,2,-0.3459663738555422,0.09820300039002855
492,Rajasthan,Bikaner,0.24999538739691346,0.5548917078488232,-0.7096190407976605,0.45953816942070613,-1.10957692470018,2,-0.342125262604472,0.564892392915032
493,Rajasthan,Bundi,0.09197448630590442,-1.0927729512528603,-0.9075924688462831,0.5820978892961867,-1.0862523792970529,2,-1.306790624967956,0.8310918470811851
494,Rajasthan,Chittorgarh,-0.2798611925596257,-0.5669225281353018,-1.0914249377485754,0.5161041939786198,-1.4192195575742623,2,-0.9613378396854767,0.7156928921310767
495,Rajasthan,Churu,-0.3271859554043161,0.5829370637484268,-0.4833636944563776,0.4029721448627925,-0.8296708042463041,2,0.16862812283435627,0.40349885065690766
496,Rajasthan,Dausa,0.5976214061131151,-0.875421443030936,-0.3985179395783963,0.5632425477768817,-1.323655477218439,2,-1.225605305849195,1.034935067885951
497,Rajasthan,Dholpur,0.6241982563007941,-1.0086368835540507,-0.9358743871389433,0.42182748638209616,-1.3889741429766556,2,-1.6404541126401626,0.8273342062387149
498,Rajasthan,Dungarpur,-0.07345626647059234,-0.8403647481564321,-0.5469980106148633,0.19556338815044016,-1.386966743607807,2,-0.955942920051498,0.6017372196778015
499,Rajasthan,Ganganagar,-0.034345940726308866,0.807299910945252,-0.06620539963963734,0.468965840180358,-0.20356602534560256,2,0.4864765946550169,0.3676042709218678
500,Rajasthan,Hanumangarh,-0.29914959537620045,0.8353452668448546,-0.12983971579812306,0.47839351094001115,-0.26440482021600437,2,0.6053801759030378,0.34448416657518377
501,Rajasthan,Jaipur,-0.7472418713510249,0.5408690298990215,0.5418558436525606,0.5820978892961867,-0.8364782300145548,2,0.9626207801293704,0.75413438846266
502,Rajasthan,Jaisalmer,-0.058354814213101625,0.26742680987789164,-1.5227241917116459,0.1672803758714833,-1.4694706803745383,2,-0.8791520939004547,0.23047550974406075
503,Rajasthan,Jalore,0.37711972941020633,0.3866195724512051,-1.2752574066508677,0.38411680334348747,-1.4712624905709826,2,-0.897438231811994,0.5199155905985878
504,Rajasthan,Jhalawar,1.0184201781171816,-0.6861152907086148,-1.2611164475045376,0.5915255600558398,-0.6918856915960315,3,-1.7122455250008215,0.6940282437027885
505,Rajasthan,Jhunjhunu,-0.8549980977420755,0.4988009960496172,0.35095289517710343,0.5915255600558398,-1.0225281677156544,2,0.8594760302777046,0.7700013469241916
506,Rajasthan,Jodhpur,-0.48942926509786955,0.24639279295318947,-0.3985179395783963,0.261557083468007,-1.3238768075649032,2,0.008455239886949292,0.47509471422092725
507,Rajasthan,Karauli,1.0637431940119262,-1.5414986456465103,-1.2399050087850423,0.468965840180358,-1.0276855780834933,3,-2.295119893927028,0.8157006446423722
508,Rajasthan,Kota,-0.15399953252682277,0.4988009960496172,0.26610714029912214,0.544387206257578,-1.1387452246430494,2,0.394920985301075,0.8299049367731032
509,Rajasthan,Nagaur,-0.3433482874062285,0.4988009960496172,-0.5611389697611937,0.49724885245931616,-1.2699475464499133,2,0.013750426339907435,0.6177992788459369
510,Rajasthan,Pali,0.4746756103837612,0.6951184873468389,-0.2571083481150945,0.487821181699663,-0.13317325423266066,2,0.044967506163216486,0.39712302992633075
511,Rajasthan,Pratapgarh,0.22446385184009154,-1.7939068487429384,-1.1833411721997216,0.506676523218968,-1.338729969624707,3,-1.9942408423929459,0.8916908852012426
512,Rajasthan,Rajsamand,-0.05913764607434215,0.015018606781462898,-0.44801129659055217,0.2332740711890488,-0.9566267286364954,2,-0.32997322267007567,0.40837515487428677
513,Rajasthan,Sawai Madhopur,-0.14062032818544457,-0.04808344399264353,-0.8439581526877971,0.5820978892961867,-0.8240943503438192,2,-0.4861131524608231,0.5917776259106429
514,Rajasthan,Sikar,-1.2152381076907601,0.421676267325709,0.08227467139682967,0.5538148770172299,-1.3315083263095542,2,0.8075392607255968,0.7378946565249221
515,Rajasthan,Sirohi,0.06868185436833865,-1.2470224087006772,-1.0277906215900896,0.5161041939786198,-1.3211557017460074,2,-1.4986938234152194,0.8356885518385833
516,Rajasthan,Tonk,-0.12237936126565581,-0.3986503927376826,-0.9146629484194481,0.5820978892961867,-0.8035938120773736,2,-0.7357002627081134,0.6198570554926827
517,Rajasthan,Udaipur,-0.34717556557832213,-0.8123193922568291,-0.7166895203708255,0.2332740711890488,-1.4008946090498453,2,-0.8798951409874658,0.5645122872624575
518,Sikkim,Gangtok,-1.8048429041076175,0.9194813345436641,0.9165912610303107,0.5632425477768817,0.5768855540585635,0,2.2379437679079937,0.20081474735861923
519,Sikkim,Gyalshing,-0.5783931298885678,1.192923554564795,0.25903666072595694,0.47839351094001115,-0.3088207716528605,0,1.177295426039188,0.36301882188293644
520,Sikkim,Mangan,-1.585134773163512,0.8353452668448546,-0.17933307281027838,0.544387206257578,1.0183278572803993,0,1.5365374417510083,-0.16321686017541506
521,Sikkim,Namchi,-1.9406518379363868,1.3892410458620166,0.3863052930429289,0.45953816942070613,-0.1331457398503699,0,2.154547349099765,0.1267905181837448
522,Tamil Nadu,Ariyalur,-0.9395786521157005,-1.2119657138261732,0.7398292717011834,0.6009532308154917,1.2457375286371022,0,0.5412014940425961,0.38563659114423837
524,Tamil Nadu,Coimbatore,-1.9966370418831252,0.4637443011751133,1.595357300054159,0.6009532308154917,1.2457375286371022,0,2.5819023126295333,0.2196429334607401
525,Tamil Nadu,Cuddalore,-1.211234056085323,-0.7422060025078213,0.6974063942621928,0.6009532308154917,1.2457375286371022,0,0.9428299643093582,0.2782457556655385
526,Tamil Nadu,Dharmapuri,-0.768388480236354,0.03605262370616604,1.0014370159082915,0.6009532308154917,-1.4827218817169163,2,0.8200186425194885,1.1431810892250391
527,Tamil Nadu,Dindigul,-0.5002775697855837,-0.7632400194325234,0.6974063942621928,0.6009532308154917,-0.4321984145330163,2,0.2275772901519196,0.8901357174886372
528,Tamil Nadu,Erode,-0.9348203352135507,-0.3004916470890723,1.2418333213959045,0.6009532308154917,0.4482601743319216,0,1.2021250019213177,0.622600066540465
529,Tamil Nadu,Kanchipuram,-0.9512764689008496,0.28144948782769336,1.1711285256642536,0.5820978892961867,1.2457375286371022,0,1.6539470827047702,0.259279748515797
530,Tamil Nadu,Kanniyakumari,-2.1307306768500633,1.7047512997325518,2.6064358790167668,0.6009532308154917,1.2457375286371022,0,3.9397550661483995,0.26131939746352556
531,Tamil Nadu,Karur,0.4234788220894278,-0.580945206085103,0.775181669567009,0.6009532308154917,0.11941604314399712,2,-0.03970982485824413,0.8237403508604789
532,Tamil Nadu,Krishnagiri,-1.3926810203854734,0.28144948782769336,0.966084618042466,0.6009532308154917,-1.0936864973538265,2,1.3631594756138525,0.9041365188549857
533,Tamil Nadu,Madurai,-1.0538799955465186,0.5759257247735254,1.2983971579812255,0.6009532308154917,-0.2961468112171508,0,1.6743802658338545,0.7319617889930863
534,Tamil Nadu,Nagapattinam,-0.6585261830932947,-0.16026486759105663,0.9519436588961362,0.6009532308154917,-0.9013484642253874,2,0.722684466493949,0.9914660205025568
535,Tamil Nadu,Namakkal,-1.226253418911117,0.23237011500338772,1.093353250359438,0.5726702185365349,1.2457375286371022,0,1.7352567329239026,0.20634013358217757
536,Tamil Nadu,Perambalur,-0.5171578044497316,-1.0156482225289516,0.6196311189573767,0.6009532308154917,0.6414008035749976,0,0.2423852974855212,0.5710753243417873
537,Tamil Nadu,Pudukkottai,-0.6976806460121435,-1.1698976799767686,0.8458864652986599,0.6009532308154917,-1.2856911814651455,2,0.028658338597759275,1.2212123168278857
538,Tamil Nadu,Ramanathapuram,-0.8158070063062759,0.4707556401500137,0.9519436588961362,0.6009532308154917,-1.4187133928855233,2,1.0835262955894753,1.046464824732578
539,Tamil Nadu,Salem,-1.4432200580798848,-0.5178431553109961,0.7822521491401736,0.6009532308154917,-0.34522535784381153,2,0.9607483959980228,0.7334011244524559
540,Tamil Nadu,Sivaganga,-0.26743144555083087,0.17627940320418167,1.3903133924323716,0.6009532308154917,-0.32951838126449357,0,1.0469098357951,0.9141312720609313
541,Tamil Nadu,Thanjavur,-1.3440782989531734,0.5408690298990215,0.9943665363351263,0.6009532308154917,1.2457375286371022,0,1.9281296007064372,0.15269638369026856
542,Tamil Nadu,The Nilgiris,-1.0007875437120348,0.8213225888950527,1.6377801774931497,0.6009532308154917,1.2457375286371022,0,2.2562444794011633,0.30160696160325445
543,Tamil Nadu,Theni,-1.4871089075421384,0.17627940320418167,1.1781990052374187,0.6009532308154917,1.2457375286371022,0,1.8981472493525655,0.2269958423315676
544,Tamil Nadu,Thiruvallur,-1.17139638063724,0.2604154709029902,1.1994104439569144,0.6009532308154917,1.2457375286371022,0,1.7822157316432536,0.25875824381805196
545,Tamil Nadu,Thiruvarur,-1.291485832986103,-0.062106121942445296,1.2206218826764095,0.5915255600558398,-0.10385541777452459,0,1.4272597603745567,0.7047685117104396
546,Tamil Nadu,Tiruchirappalli,0.15497936209808866,-0.3355483419635762,1.1923399643837491,0.6009532308154917,0.787964813568414,0,0.6063577121192312,0.6435299013749487
547,Tamil Nadu,Tirunelveli,-1.0902032594254445,0.5548917078488232,0.9872960567619616,0.6009532308154917,-0.19766582582901865,0,1.5277323365509579,0.6293764707772141
548,Tamil Nadu,Tiruppur,-1.3168257579291989,0.28144948782769336,1.0509303729204473,0.6009532308154917,0.5643602361825609,0,1.6694489840063969,0.41657381691807793
549,Tamil Nadu,Tiruvannamalai,-0.5011804964326317,-0.7141606466082178,0.704476873835358,0.5915255600558398,1.2146517594662285,0,0.5593256030464954,0.36380919654689586
550,Tamil Nadu,Tuticorin,-1.0664411018083235,0.5268463519492207,1.3620314741397113,0.6009532308154917,0.07524657312465978,0,1.7557472870576876,0.6359942318300714
551,Tamil Nadu,Vellore,-0.9089692720489708,0.30248350475239555,0.8670979040181549,0.6009532308154917,1.2457375286371022,0,1.475433941192865,0.20980875654278658
552,Tamil Nadu,Villupuram,-0.8608552130226941,-1.26805642562538,0.3863052930429289,0.6009532308154917,1.2457375286371022,0,0.2683409643364836,0.32296803636463817
553,Tamil Nadu,Virudhunagar,-0.7490978789464293,-0.847376087131333,0.9378026997498058,0.6009532308154917,0.42349181608703923,0,0.606942430382818,0.659425374332286
554,Telangana,Adilabad,2.10814831799036,-1.4783965948724034,0.053992753104169414,0.544387206257578,1.2457375286371022,3,-1.7044469266247428,0.5879682838862285
555,Telangana,Bhadradri Kothagudem,-0.1356772057553757,0.2393814539782881,0.11055658968948993,0.5726702185365349,1.2457375286371022,0,0.5837575410478988,0.11611297519019262
556,Telangana,Hanumakonda,0.6601545528930466,0.6530504534974346,1.1994104439569144,0.6009532308154917,1.2457375286371022,0,0.9858490697358383,0.42831199224314537
558,Telangana,Jagitial,-0.20368207159681587,0.3235175216770977,0.2307547424332967,0.6009532308154917,1.2457375286371022,0,0.7399218449653757,0.14901626410050456
559,Telangana,Jangoan,0.33379634830917837,0.8704019617193585,0.26610714029912214,0.6009532308154917,1.2457375286371022,0,0.7768770858879884,0.14738264651855876
560,Telangana,Jayashankar Bhupalapally,0.9293029068916908,-0.4407184265870879,-0.2783197868345901,0.6009532308154917,1.2457375286371022,3,-0.6209175184963179,0.27727011909936855
561,Telangana,Jogulamba Gadwal,1.382377563698033,0.12720003037987598,-0.9075924688462831,0.5915255600558398,1.2457375286371022,3,-0.8941864693769781,0.1035211591332785
562,Telangana,Kamareddy,1.4638379179699434,-0.25842361323966695,-0.3278131438467454,0.6009532308154917,1.2457375286371022,3,-0.8414296461344155,0.3062396929726711
563,Telangana,Karimnagar,-0.3234526541850463,0.4847783180998154,0.7468997512743482,0.6009532308154917,1.2457375286371022,0,1.187159505426502,0.229002491608653
564,Telangana,Khammam,-0.37750828071904197,0.8844246396691602,0.04692227353100422,0.6009532308154917,1.2457375286371022,0,1.0613452582654952,0.00902878021578916
565,Telangana,Kumuram Bheem Asifabad,1.562392946256289,-1.254033747675578,-0.8156762343951368,0.468965840180358,1.2457375286371022,3,-1.7578953193863323,0.22547395049600433
566,Telangana,Mahabubabad,0.20753336476089018,-0.23037825734006445,-0.3914474600052311,0.6009532308154917,1.2457375286371022,3,-0.1575670410631225,0.1346274488503081
567,Telangana,Mahabubnagar,0.794763419430435,0.12720003037987598,0.011569875665178765,0.5915255600558398,1.2457375286371022,3,-0.055319032547721775,0.23978007281906194
568,Telangana,Mancherial,-0.35532789572850615,0.4356989452755098,0.6054901598110464,0.5915255600558398,1.2457375286371022,0,1.0971447997036758,0.19133865127892308
569,Telangana,Medak,0.8293325395625588,0.44271028425041115,-0.06620539963963734,0.6009532308154917,1.2457375286371022,0,0.0664887608063906,0.19151928868910967
570,Telangana,Medchal Malkajgiri,-0.33735590662783516,1.0036174022424738,1.3478905149933809,0.5820978892961867,1.2457375286371022,0,1.8285499110355141,0.2748593474362833
571,Telangana,Mulugu,0.9293029068916908,-0.4407184265870879,-0.2783197868345901,0.6009532308154917,1.2457375286371022,3,-0.6209175184963179,0.27727011909936855
572,Telangana,Nagarkurnool,0.7278937250399328,0.09214333550537208,-0.2995312255540851,0.5349595354979249,1.2457375286371022,3,-0.21591026040517228,0.11488117099772036
573,Telangana,Nalgonda,0.591616174767545,0.31650618270219727,0.04692227353100422,0.5820978892961867,1.2457375286371022,0,0.1872198846531022,0.18840924641196183
574,Telangana,Nirmal,0.051958398873025065,-0.580945206085103,0.04692227353100422,0.5915255600558398,1.2457375286371022,3,-0.03194118266691501,0.2545357064477664
575,Telangana,Nizamabad,0.5996948600789804,0.04306396268106642,0.1529794671284806,0.6009532308154917,1.2457375286371022,0,0.0841932730332888,0.2680695366148326
576,Telangana,Peddapalli,0.4904308087982832,0.41466492835080765,0.4499396092014146,0.6009532308154917,1.2457375286371022,0,0.5262335532939895,0.2708019462409184
577,Telangana,Rajanna Sircilla,-0.5174824306241687,0.3866195724512051,0.4357986500550842,0.5915255600558398,1.2457375286371022,0,1.0651490590694803,0.13989952770217678
578,Telangana,Ranga Reddy,0.14220803965425127,0.6460391145225333,0.7893226287133388,0.6009532308154917,1.2457375286371022,0,1.0439597042611921,0.27325742002843306
579,Telangana,Sangareddy,0.533217343946725,-0.2724462911894687,0.08934515096999487,0.5915255600558398,1.2457375286371022,3,-0.09824159524247691,0.2804372098185682
580,Telangana,Siddipet,-0.2163920271928409,0.8563792837695566,0.7822521491401736,0.5915255600558398,1.2457375286371022,0,1.3621588919583347,0.19041742584272986
581,Telangana,Suryapet,0.39026552512499574,0.421676267325709,0.16004994670164577,0.6009532308154917,1.2457375286371022,0,0.4254688900876983,0.19201419100012523
582,Telangana,Vikarabad,0.4088502329672188,-0.3635936978631787,-0.13691019537128826,0.5915255600558398,1.2457375286371022,3,-0.20723458512912898,0.22659932141946476
583,Telangana,Wanaparthy,0.43557233368332837,0.28144948782769336,-0.22882642982243423,0.6009532308154917,1.2457375286371022,0,0.10275507062298314,0.12884270503774767
584,Telangana,Warangal,0.5733694146827566,0.16926806422928029,-0.0167120426274815,0.6009532308154917,1.2457375286371022,0,0.07814077198327488,0.20909475424583296
585,Telangana,Yadadri Bhuvanagiri,-0.3303325142511167,0.7021298263217403,0.5489263232257258,0.5915255600558398,1.2457375286371022,0,1.206711602668405,0.14493416172374401
586,The Dadra And Nagar Haveli And Daman And Diu,Dadra And Nagar Haveli,1.1388592790130088,-0.6160019009596069,-0.6177028063465142,0.5632425477768817,1.2457375286371022,3,-1.0317521508358045,0.21606172186565814
587,The Dadra And Nagar Haveli And Daman And Diu,Daman,0.5317521094177798,-0.3355483419635762,0.18833186499430604,0.6009532308154917,1.2457375286371022,3,-0.07835648364184425,0.31986607509462234
588,The Dadra And Nagar Haveli And Daman And Diu,Diu,-0.1527516116134044,1.249014266364001,0.8812388631644853,0.6009532308154917,1.2457375286371022,0,1.6106525935443021,0.17509190659531676
589,Tripura,Dhalai,0.5689406656479714,-0.3004916470890723,-1.8621072112235704,-0.2946754913514832,-1.43378216460274,2,-1.7827601572209824,-0.12055448352464787
590,Tripura,Gomati,0.11228114410756758,0.3866195724512051,-1.2328345292118772,0.3652614618241825,-1.3318932801729861,2,-0.7020237406570644,0.43675738594874575
591,Tripura,Khowai,0.36597424337937695,-0.2864689691392705,-1.508583232565316,0.2521294127083538,-1.143711916777532,2,-1.3641153605565315,0.33704100125610953
592,Tripura,North Tripura,0.09748271057965517,0.15524538627947854,-1.1692002130533914,-1.6711154222607283,-1.1349574683783836,1,-0.9357928019927819,-1.4219971984795459
593,Tripura,Sepahijala,-0.35615822885180454,0.24639279295318947,-1.3106098045166932,-0.011845368561912187,-1.0967926508474553,2,-0.5549667208175328,-0.032989417902450746
594,Tripura,South Tripura,-0.9130274068160775,-0.23037825734006445,-1.3176802840898583,0.186135717390787,-1.385448751523099,2,-0.5597497143619944,0.23193923329053145
595,Tripura,Unakoti,0.0029525937023455458,-0.7071493076333174,-1.5227241917116459,-0.869763407690277,-0.74409709573405,3,-1.4392238473111734,-0.7917074405225458
596,Tripura,West Tripura,-1.033783992625953,0.5829370637484268,-0.6601256837855048,0.5349595354979249,-0.48936873009098963,2,0.5393398144508443,0.2907203812876327
597,Uttar Pradesh,Agra,-0.0019048054764438666,-0.07612879989224706,-0.29246074598092,0.28984009574696384,-1.2596766721469743,2,-0.3788436998970619,0.6085792142110781
598,Uttar Pradesh,Aligarh,-0.517913475477388,-0.1742875455408574,-0.19347403195660878,-0.4266628819866169,-0.7994401573474069,2,-0.07142433781232953,-0.20981339269570354
599,Uttar Pradesh,Ambedkar Nagar,-0.3777608084740263,-0.580945206085103,0.9024503018839803,-0.058983722360174025,-0.8382589127801849,2,0.2470762155683562,0.4558740571440121
600,Uttar Pradesh,Amethi,0.001840654194290839,-0.7702513584074243,-0.3985179395783963,0.4029721448627925,-0.3421893304795301,2,-0.6666260779243215,0.4973220458707693
601,Uttar Pradesh,Amroha,0.8249804580109749,0.49178965707471683,-0.34195410299307577,-1.840813495934472,-0.7473644760696347,1,-0.6323624559605187,-1.466425215882813
602,Uttar Pradesh,Auraiya,0.35432315225496663,0.16926806422928029,0.4216576909087544,-0.2946754913514832,-0.057438023131017854,2,0.12832822119602066,-0.12296272273884512
603,Uttar Pradesh,Ayodhya,-0.664764303044827,-0.5248544942858965,0.6196311189573767,0.11071435131356831,-0.3646024211004945,2,0.3843650563362644,0.3552051173079829
604,Uttar Pradesh,Azamgarh,-0.41912639104024096,0.06409797960576857,0.8741683835913201,-0.21925412527426452,-1.09989040527804,2,0.5679908147141446,0.2921400102639744
605,Uttar Pradesh,Baghpat,-0.9617104702196054,1.0597081140416797,0.26610714029912214,-0.04955605160052219,0.3671092529407493,0,1.3948596188018871,-0.3517352784168808
606,Uttar Pradesh,Bahraich,0.9526217971080342,-1.9411449672158545,-1.826754813357745,-0.8509080661709734,-0.5622529651455099,3,-2.822160685431778,-0.6143417234885488
607,Uttar Pradesh,Ballia,1.1864450787587093,-0.7141606466082178,0.6974063942621928,-1.0206061398447157,-1.174834846611648,2,-0.9649081573350125,-0.14628692797350823
608,Uttar Pradesh,Balrampur,1.1004924978887753,-0.8543874261062334,-1.6570633036017826,-2.283914021638132,-0.5141162095001982,3,-2.295662378558644,-2.0185389630140183
609,Uttar Pradesh,Banda,2.1586027199605295,-0.8824327820058369,-0.9288039075657781,0.28984009574696384,1.210643443551191,3,-1.9602354008721707,0.07043154937694171
610,Uttar Pradesh,Barabanki,0.37265636071466857,-0.6650812737839126,-0.7591123978098161,0.06357599751530647,-0.926348977404074,2,-1.1490934756540094,0.3213438137239916
611,Uttar Pradesh,Bareilly,0.5720057900246478,0.5478803688739229,-1.2823278862240328,-1.765392129857252,-0.7209417701403878,1,-0.9686724335993023,-1.6578151329462119
612,Uttar Pradesh,Basti,0.5881978545237929,-0.5388771722356982,0.04692227353100422,0.15785270511183014,-0.9605856515162047,2,-0.7469175015440755,0.6086081360260234
613,Uttar Pradesh,Bhadohi,-0.38417930191697897,-0.21635557939026268,0.4428691296282494,0.506676523218968,-0.7130432540571893,2,0.2800384037690549,0.7736014430247508
614,Uttar Pradesh,Bijnor,-0.760622594788766,0.44271028425041115,-0.037923481346976574,-0.8226250538920152,-0.5942730664684316,2,0.5120965354651175,-0.7111287043572702
615,Uttar Pradesh,Budaun,1.337791923851688,-0.15325352861615527,-1.3176802840898583,-1.454278994788724,-0.23142386982657745,3,-1.7081250795506522,-1.3468216262106731
616,Uttar Pradesh,Bulandshahr,-0.24220179257272412,0.6740844704221367,-0.1722625932371137,-0.5963609556603592,-0.28415371536131884,2,0.3583216586758679,-0.6019391600531875
617,Uttar Pradesh,Chandauli,0.14977655932659611,-0.3635936978631787,0.4923624866404053,0.468965840180358,-0.4474185287837516,2,-0.03183814426811374,0.7534597565522471
618,Uttar Pradesh,Chitrakoot,1.0853656789842057,-1.064727595353257,-0.7096190407976605,0.1672803758714833,0.41473962082740273,3,-1.4997058276036077,0.15094998703438867
619,Uttar Pradesh,Deoria,0.6651944212695651,-0.19532156246556054,0.7186178329816879,0.261557083468007,-0.2435882667552183,2,-0.07788813477196545,0.593384960898979
620,Uttar Pradesh,Etah,0.6808760108772378,-0.6440472568592099,-0.10155779750546279,-1.2185872257974149,-0.846191226360739,2,-1.0422664159404147,-0.679790314608145
621,Uttar Pradesh,Etawah,-0.07046793597785965,0.4356989452755098,0.3863052930429289,0.525531864738273,-0.44570501964831744,2,0.5026251924219746,0.6432375614477941
622,Uttar Pradesh,Farrukhabad,0.6241394919082018,0.050075301655966804,-0.4904341740295428,-1.3977129702308104,0.24914808651507975,3,-0.6391178254630873,-1.3731224221536857
623,Uttar Pradesh,Fatehpur,1.2159224510579467,-0.6160019009596069,-0.20761499110293916,-0.8320527246516684,-0.6248497791437552,3,-1.3099844285867057,-0.36160388468206645
624,Uttar Pradesh,Firozabad,0.06845548762773072,-0.20233290144046093,0.1529794671284806,0.42182748638209616,-1.1866456100760379,2,-0.21952904879238402,0.8319784167679711
625,Uttar Pradesh,Gautam Buddha Nagar,-0.988745450838497,0.14823404730457815,0.8246750265791642,0.2521294127083538,-0.6588184689752863,2,1.0297320941290653,0.4889246810731217
626,Uttar Pradesh,Ghaziabad,-0.6065084826465809,0.8844246396691602,1.0580008524936126,-0.02127303932156402,-0.44056300049099284,0,1.3892247748666346,0.17187639539187172
627,Uttar Pradesh,Ghazipur,1.0319779380392267,-0.5458885112105996,0.7893226287133388,0.3464061203048775,-0.9244685261122223,2,-0.5641523369332184,0.9910391123172486
628,Uttar Pradesh,Gonda,-0.000860228040478974,-1.9130996113162515,-0.6177028063465142,-1.0583168228833244,-0.8607776778006779,3,-1.673912159127268,-0.5556983124930646
629,Uttar Pradesh,Gorakhpur,0.2811912810994026,-0.16026486759105663,0.18126138542114084,0.4029721448627925,0.5797128268979655,2,0.021303180020889427,0.2917737962450591
630,Uttar Pradesh,Hamirpur,0.9612707711747859,0.40765358937590723,-0.18640355238344358,0.45011049866105435,1.1679394831729668,3,-0.12180717068505906,0.07302573705330295
631,Uttar Pradesh,Hapur,-0.16050500571506723,0.9615493683930684,0.2307547424332967,0.28984009574696384,0.23934379670138192,0,0.8764318730264216,0.09831675302543971
632,Uttar Pradesh,Hardoi,0.9421105498523831,-1.1348409851022647,-0.9712267850047688,-1.3128639333939385,-0.14079853370823106,3,-1.8364275132648953,-1.0819720577379066
633,Uttar Pradesh,Hathras,-0.18318188122543416,0.09915467448027247,-0.08034635878596721,-0.35124151590939684,-1.1970711513151182,2,-0.1026174651430094,0.010993840924733314
634,Uttar Pradesh,Jalaun,0.5083961700321027,0.5829370637484268,-0.0944873179322976,-0.24753713755322135,-0.18478227228384345,2,-0.022782926125251183,-0.19559362413230605
635,Uttar Pradesh,Jaunpur,0.09309512873694185,-0.6510585958341109,0.8812388631644853,0.1295696928328733,-1.2947219779856682,2,-0.13540307382284636,0.8308039874142158
636,Uttar Pradesh,Jhansi,1.0799314243718223,0.09214333550537208,0.21661378328696632,0.42182748638209616,0.17399262477696414,2,-0.33131965723717793,0.5058705023714455
637,Uttar Pradesh,Kannauj,0.9433978856380576,-0.12520817271655274,-0.20761499110293916,-0.13440508843739268,0.7127461113948294,3,-0.5675513720231786,-0.24766717487660267
638,Uttar Pradesh,Kanpur Dehat,0.30076002304179106,-0.09015147784204881,0.36509385432343333,-0.058983722360174025,0.4080420978540137,2,0.08139678604434712,-0.03829467992689315
639,Uttar Pradesh,Kanpur Nagar,0.32578272118644586,0.3936309114261055,1.2913266784080604,0.19556338815044016,-0.5870048885468538,2,0.7040826576238448,0.6477041938146547
640,Uttar Pradesh,Kasganj,1.0222920950067123,-0.14624218964125488,-0.7449714386634859,-0.7849143708534065,-0.6015313996235787,3,-1.218307910286552,-0.5360846403130283
641,Uttar Pradesh,Kaushambi,0.5183414965550137,-0.8613987650811342,-0.589420888053854,0.20499105891009198,-0.43831880764707115,3,-1.1494034105390851,0.380558152273291
642,Uttar Pradesh,Kheri,0.6688125043441738,-0.4407184265870879,-0.8156762343951368,-1.0960275059219344,-0.325096120288115,3,-1.2080384899689904,-0.9221499141265458
643,Uttar Pradesh,Kushi Nagar,0.2307094150164789,0.08513199653047071,-0.43387033744422177,-0.13440508843739268,0.23065494830089317,2,-0.25976938535684213,-0.26476232547716383
644,Uttar Pradesh,Lalitpur,0.48978951846630425,-0.5388771722356982,-1.1621297334802263,0.3652614618241825,1.1228576629904687,3,-0.9656297617656303,-0.13780236440475344
645,Uttar Pradesh,Lucknow,-0.8364440818984902,0.5969597416982285,0.8246750265791642,0.49724885245931616,-0.43399299842945477,0,1.26788360268427,0.5975169907093809
646,Uttar Pradesh,Mahoba,0.8782631176137942,-0.20233290144046093,-0.674266642931835,0.5726702185365349,1.1192508847326126,3,-0.6989625591723284,0.16243091329873524
647,Uttar Pradesh,Mahrajganj,0.6149276858770912,-0.3635936978631787,-0.45508177616371737,-0.9828954568061057,-1.0764034816954295,2,-1.0596760265319778,-0.5215925907020065
648,Uttar Pradesh,Mainpuri,0.4672022022442543,-0.6160019009596069,0.3933757726160936,-0.8509080661709734,-0.7831963422033718,2,-0.5880214719777189,-0.2847801868068565
649,Uttar Pradesh,Mathura,-0.529455591054056,-0.04808344399264353,-0.3914474600052311,-0.9640401152868007,-1.2540967263501857,2,-0.231297251261187,-0.6179381998174157
650,Uttar Pradesh,Mau,-0.2136987018449434,0.22535877602848634,0.9095207814571455,0.09185900979426331,-0.5217151892202672,2,0.6989368751251306,0.40448773156239914
651,Uttar Pradesh,Meerut,-0.9227594393876875,0.7582205381209464,0.49943296621357,-0.17211577147600268,0.4490494179554517,0,1.331383802348035,-0.3890602016044079
652,Uttar Pradesh,Mirzapur,-0.1374513931941897,0.02904128473126466,0.2519661811527918,-1.3600022871922004,1.1012984366936749,1,0.3450898928101485,-1.5263033153379617
653,Uttar Pradesh,Moradabad,0.00032313993830340596,0.4988009960496172,0.16712042627481097,-2.7930082426593605,-1.0424315655831902,1,-0.021596506764847336,-2.2222833840685676
654,Uttar Pradesh,Muzaffarnagar,-0.033408751104845556,0.5759257247735254,0.11055658968948993,-0.36066918666905,-0.398441123368647,2,0.3412650734564563,-0.2502005402883957
655,Uttar Pradesh,Pilibhit,0.48680301074367277,0.3445515386017998,-0.829817193541467,-1.3505746164325485,-0.2075001078406674,2,-0.6583197950697999,-1.322441809322172
656,Uttar Pradesh,Pratapgarh,-0.5842482133704536,-1.3942605271735937,0.6691244759695325,0.45953816942070613,-0.6173680844860774,2,-0.15420096167493996,0.8900236243303459
657,Uttar Pradesh,Prayagraj,-0.21201814284859125,-0.8684101040560351,0.5206444049330655,0.05414832675565465,-0.7996790684818477,2,-0.20777755530871234,0.5195816050781562
658,Uttar Pradesh,Rae Bareli,0.42372429834165354,-1.1839203579265702,-0.29246074598092,0.3275507787855725,-0.5334044389757977,3,-1.1257712210710014,0.6210252201735249
659,Uttar Pradesh,Rampur,0.38901395239318826,0.4988009960496172,-0.9429448667121085,-1.1620212012395013,-0.7369099984483652,2,-0.6564618194314991,-1.0458898379960528
660,Uttar Pradesh,Saharanpur,-0.0801066961021782,0.8353452668448546,-0.14398067494445294,-0.10612207615843586,-0.7246642343104844,2,0.33997556347652086,-0.017425103937764856
661,Uttar Pradesh,Sambhal,0.5460900266943708,0.06409797960576857,-1.1409182947607308,-2.7458698888610984,-1.0656705603749943,1,-1.305762469928953,-2.3419687308773876
662,Uttar Pradesh,Sant Kabir Nagar,0.6546251509843958,-0.4757751214615918,-0.3843769804320664,-0.5869332849007061,-0.810037034553367,2,-1.0246915319539365,-0.21006743365536507
663,Uttar Pradesh,Shahjahanpur,0.741561039843097,-0.18831022349065915,-0.8863810301267877,-2.331052375436394,0.01910849431963622,1,-1.186910943071888,-2.188191927832111
664,Uttar Pradesh,Shamli,-0.006598379965227771,0.8002885719703506,-0.5399275310416981,-0.6152162971796642,-0.0348971394125912,2,0.1395486171250335,-0.768366920331958
665,Uttar Pradesh,Shrawasti,1.0806340556953957,-0.966568849704646,-1.7206976197602686,-0.5775056141410542,-0.7474946505849968,3,-2.277873688465751,-0.40386002745717603
666,Uttar Pradesh,Siddharth Nagar,0.91973376432704,-2.039303712864466,-1.6429223444554524,-2.5384611321487465,-0.9224436529488412,3,-2.9723865259011473,-1.9775352011779919
667,Uttar Pradesh,Sitapur,0.8586088526356567,-1.3592038322990898,-1.1550592539070612,-1.0111784690850625,-1.0665069111856529,3,-2.1641566333705375,-0.5419203557109209
668,Uttar Pradesh,Sonbhadra,1.19673962690418,-0.09015147784204881,-0.3207426642735802,-1.5202726901062908,-0.3427859109869269,3,-1.0652852789272864,-1.1721671525189272
669,Uttar Pradesh,Sultanpur,-0.5119192411373221,-0.4757751214615918,0.4499396092014146,0.506676523218968,-0.715152221436883,2,0.20418052621978336,0.795956489447642
670,Uttar Pradesh,Unnao,0.103689895592612,-0.8123193922568291,-0.22882642982243423,-0.24753713755322135,-1.4921018560081045,2,-0.9201606606142392,0.32343712644733497
671,Uttar Pradesh,Varanasi,0.6273736218508882,0.7932772329954502,1.0438598933472822,0.45953816942070613,-0.41264887408502765,2,0.6853028282284467,0.7580375072143198
672,Uttarakhand,Almora,-0.8007429565337882,1.213957571489497,0.5489263232257258,-0.8131973831323633,-0.034374316335904535,0,1.411435516108281,-0.8550701827730918
673,Uttarakhand,Bageshwar,-2.082543259145085,1.1648781986651915,0.8458864652986599,-1.4637066655483773,1.1213944519536072,0,2.418031406132103,-1.8856707893849358
674,Uttarakhand,Chamoli,-0.42539058272746977,1.101776147891084,1.3266790762738858,-2.368763058475004,0.8651889995249193,1,1.595026706255446,-2.3047909727391636
675,Uttarakhand,Champawat,-1.6834606606440583,0.7582205381209464,0.7610407104206786,-1.6616877515010764,0.5792223816094979,1,1.7951743793386037,-1.810541842322667
676,Uttarakhand,Dehradun,-1.4366406193140722,0.8423566058197559,1.5812163409078293,0.261557083468007,1.2144015503005487,0,2.445459699366185,-0.06451906228764437
677,Uttarakhand,Haridwar,-0.35885585436094913,-0.14624218964125488,0.004499396092013573,-0.869763407690277,0.5425945173069154,2,0.17104804577333346,-0.9679113850786395
678,Uttarakhand,Nainital,-1.3323939123651762,0.7371865211962442,1.0580008524936126,-0.04955605160052219,-0.05431031976865354,0,1.7775000155648528,-0.042265718848893026
679,Uttarakhand,Pauri Garhwal,-1.0701402003840335,0.8002885719703506,1.1287056482252635,-0.4266628819866169,0.8473289943031282,0,1.8376630614690903,-0.6246365762222981
680,Uttarakhand,Pithoragarh,-1.590025584756404,0.8844246396691602,1.0792122912131077,-0.8509080661709734,1.136619355165685,0,2.1653999263102586,-1.1846335804566368
681,Uttarakhand,Rudra Prayag,-1.863359924019656,1.045685436091878,1.1428466073715933,-0.32295850363044004,0.68346086868921,0,2.411291639869977,-0.6072265771720353
682,Uttarakhand,Tehri Garhwal,-0.8841508187383298,0.8914359786440605,0.7468997512743482,-1.71825377605899,0.9179309886005464,1,1.47426322081099,-1.8910769908786602
683,Uttarakhand,Udam Singh Nagar,-0.9623216939836106,-0.06911746091734568,0.06106323267733461,0.016437643717044644,0.13218190649787404,2,0.5879894939562836,-0.11009438668411461
684,Uttarakhand,Uttar Kashi,-0.443901143604989,0.26742680987789164,0.944873179322971,-1.4731343363080291,0.8744041688767199,1,0.9885179057015491,-1.4714306956126613
685,West Bengal,Bankura,0.6374527899814381,-1.5905780184708154,-0.8722400709804576,0.5726702185365349,-1.0222705725776746,3,-1.8710363850177043,0.9457265132255039
686,West Bengal,Birbhum,1.18427039668285,-1.1839203579265702,-1.0207201420169243,0.525531864738273,-1.2445982144759602,3,-2.0674597418814087,0.9494851656744062
687,West Bengal,Coochbehar,-0.5405232004572463,0.26742680987789164,-0.9570858258584387,0.3746891325838343,-1.5093796419333334,2,-0.2845421398421873,0.4996311080591674
688,West Bengal,Dakshin Dinajpur,0.3092830719056263,0.4988009960496172,-0.6884076020781652,0.5349595354979249,-1.3186845809217047,2,-0.4275686499168548,0.717943464993306
689,West Bengal,Darjeeling,0.25506620540256164,0.7792545550456484,0.07520419182366449,0.5632425477768817,-1.1960685436762915,2,0.21443614659832091,0.832950461510346
690,West Bengal,Hooghly,0.09529236175380656,0.30248350475239555,-0.22882642982243423,0.5915255600558398,-1.1864676671464967,2,-0.13794252322665473,0.8328406580724611
691,West Bengal,Howrah,-0.14602061140392741,0.07110931858066995,-0.009641563054316307,0.525531864738273,-0.7647171436549947,2,0.05509057093403062,0.6938653056598324
692,West Bengal,Jalpaiguri,-0.32191276551584136,0.09214333550537208,-0.44801129659055217,0.544387206257578,-1.3722812187718565,2,-0.18643239296738146,0.7764484243183558
694,West Bengal,Malda,0.667900624507572,-0.6931266296835156,-0.7237599999439907,0.31812310802592064,-1.5017328732142796,2,-1.393312185362554,0.7785502651260332
695,West Bengal,Murshidabad,0.3700540115455299,-0.15325352861615527,-1.133847815187566,0.28984009574696384,-1.5463799464594747,2,-1.1509048617959112,0.5634341619814306
696,West Bengal,Nadia,-0.5526238792437589,0.4567329622002129,-0.8439581526877971,0.5820978892961867,-0.3184917032800461,2,0.12994923206442363,0.3146762034631608
697,West Bengal,North 24 Parganas,-0.7090238058723527,0.5969597416982285,0.03278131438467434,0.5538148770172299,-1.3345428764531764,2,0.5982423034241328,0.7653162404919909
698,West Bengal,Paschim Bardhaman,1.2131446871553977,-0.02704942706794139,-0.22175595024926903,0.6009532308154917,-1.0024478952981328,2,-0.9167613305438841,0.9674888754238953
699,West Bengal,Paschim Medinipur,0.8987922721233408,-0.9525461717548447,-0.9924382237242642,0.5915255600558398,-1.5754125635016838,2,-1.8118856852365874,1.0518515516604983
700,West Bengal,Purba Bardhaman,0.2926600463033913,-0.5388771722356982,-0.9146629484194481,0.5915255600558398,-1.1143271776681976,2,-1.1051556513531893,0.7950473071282049
701,West Bengal,Purba Medinipur,-0.3578075736428817,-0.14624218964125488,-0.6601256837855048,0.506676523218968,-1.2093413194281912,2,-0.3963666755287015,0.6720478586085638
702,West Bengal,Purulia,1.5806011426746347,-2.9928458134509714,-0.9429448667121085,0.4406828279014012,-1.3936048220282093,3,-3.3325628015749404,1.233969693643262
703,West Bengal,South 24 Parganas,0.44625650930775707,-0.12520817271655274,-0.3773065008589013,0.5349595354979249,-1.4175079602163874,2,-0.7124183097276564,0.9216685230729926
704,West Bengal,Uttar Dinajpur,0.633509515847013,-0.5669225281353018,-0.7732533569561462,-0.09669440539878403,-1.4730387499211677,2,-1.3593136993994945,0.3616593240293608
